id,order_id,invoice_number,issued_at,due_at,paid_at,total_amount,status
900001,1310,INV-00900001,2023-11-04 23:05:22,2023-12-04 23:05:22,2023-11-12 23:05:22,1123.82,paid
900002,1509,INV-00900002,2023-11-09 04:08:38,2023-12-09 04:08:38,2023-11-23 04:08:38,168.6,paid
900003,192,INV-00900003,2023-09-11 15:31:45,2023-10-11 15:31:45,2023-09-12 15:31:45,2810.61,paid
900004,1467,INV-00900004,2023-02-02 04:09:34,2023-03-04 04:09:34,2023-02-17 04:09:34,2950.44,paid
900005,1658,INV-00900005,2023-12-28 18:11:14,2024-01-27 18:11:14,2024-01-08 18:11:14,1396.58,paid
900006,441,INV-00900006,2023-07-12 20:16:44,2023-08-11 20:16:44,2023-07-16 20:16:44,1801.31,paid
900007,705,INV-00900007,2023-02-25 14:22:09,2023-03-27 14:22:09,,2685.78,overdue
900008,1993,INV-00900008,2023-06-21 21:07:52,2023-07-21 21:07:52,2023-07-12 21:07:52,3096.41,paid
900009,1765,INV-00900009,2023-06-29 02:58:46,2023-07-29 02:58:46,2023-07-02 02:58:46,238.66,paid
900010,467,INV-00900010,2023-08-05 21:05:42,2023-09-04 21:05:42,,1906.83,issued
900011,929,INV-00900011,2023-02-09 10:43:01,2023-03-11 10:43:01,2023-02-21 10:43:01,1055.44,paid
900012,547,INV-00900012,2023-01-06 00:24:21,2023-02-05 00:24:21,2023-01-27 00:24:21,863.98,paid
900013,1494,INV-00900013,2023-08-28 18:03:03,2023-09-27 18:03:03,2023-09-06 18:03:03,4947.72,paid
900014,1311,INV-00900014,2023-01-13 03:43:20,2023-02-12 03:43:20,2023-01-24 03:43:20,4215.83,paid
900015,1590,INV-00900015,2023-12-03 15:39:39,2024-01-02 15:39:39,,2011.81,overdue
900016,136,INV-00900016,2023-09-14 03:20:59,2023-10-14 03:20:59,,1071.01,overdue
900017,1023,INV-00900017,2023-06-12 00:35:41,2023-07-12 00:35:41,2023-06-21 00:35:41,706.76,paid
900018,1526,INV-00900018,2023-03-19 04:22:36,2023-04-18 04:22:36,2023-04-07 04:22:36,2147.88,paid
900019,1196,INV-00900019,2023-06-10 10:49:13,2023-07-10 10:49:13,2023-06-15 10:49:13,2552.54,paid
900020,187,INV-00900020,2023-12-07 20:00:29,2024-01-06 20:00:29,2023-12-13 20:00:29,3962.48,paid
900021,865,INV-00900021,2023-03-01 21:41:14,2023-03-31 21:41:14,2023-03-21 21:41:14,4980.65,paid
900022,1084,INV-00900022,2023-08-25 03:51:28,2023-09-24 03:51:28,,3404.61,issued
900023,235,INV-00900023,2023-01-16 04:26:59,2023-02-15 04:26:59,,566.65,overdue
900024,891,INV-00900024,2023-10-12 07:28:50,2023-11-11 07:28:50,2023-11-05 07:28:50,4380.51,paid
900025,540,INV-00900025,2023-04-19 17:29:44,2023-05-19 17:29:44,2023-04-23 17:29:44,4353.89,paid
900026,612,INV-00900026,2023-02-07 05:31:00,2023-03-09 05:31:00,2023-02-12 05:31:00,1875.83,paid
900027,331,INV-00900027,2023-03-30 04:41:26,2023-04-29 04:41:26,,2448.14,overdue
900028,230,INV-00900028,2023-06-29 12:48:14,2023-07-29 12:48:14,2023-07-07 12:48:14,4391.27,paid
900029,1940,INV-00900029,2023-11-21 20:52:54,2023-12-21 20:52:54,2023-11-24 20:52:54,4890.14,paid
900030,1091,INV-00900030,2023-10-28 19:19:32,2023-11-27 19:19:32,2023-11-15 19:19:32,833.98,paid
900031,1081,INV-00900031,2023-02-24 08:35:39,2023-03-26 08:35:39,,3567.62,issued
900032,818,INV-00900032,2023-01-22 00:20:20,2023-02-21 00:20:20,2023-02-08 00:20:20,2262.92,paid
900033,508,INV-00900033,2023-09-07 21:40:08,2023-10-07 21:40:08,2023-09-26 21:40:08,2774.07,paid
900034,1206,INV-00900034,2023-09-10 23:44:18,2023-10-10 23:44:18,2023-10-01 23:44:18,303.78,paid
900035,139,INV-00900035,2023-12-15 11:58:11,2024-01-14 11:58:11,2023-12-23 11:58:11,1399.6,paid
900036,995,INV-00900036,2023-09-13 04:22:02,2023-10-13 04:22:02,2023-10-02 04:22:02,2885.3,paid
900037,498,INV-00900037,2023-05-03 09:10:46,2023-06-02 09:10:46,2023-05-07 09:10:46,3298.32,paid
900038,726,INV-00900038,2023-05-29 09:01:57,2023-06-28 09:01:57,2023-06-22 09:01:57,280.31,paid
900039,1339,INV-00900039,2023-02-04 20:25:01,2023-03-06 20:25:01,2023-02-28 20:25:01,1703.12,paid
900040,1765,INV-00900040,2023-11-06 14:56:49,2023-12-06 14:56:49,2023-11-24 14:56:49,2248.58,paid
900041,865,INV-00900041,2023-09-29 13:51:31,2023-10-29 13:51:31,2023-10-02 13:51:31,2221.22,paid
900042,1765,INV-00900042,2023-03-25 20:26:07,2023-04-24 20:26:07,2023-04-12 20:26:07,4181.78,paid
900043,1985,INV-00900043,2023-11-14 15:23:38,2023-12-14 15:23:38,2023-11-30 15:23:38,2411.98,paid
900044,1771,INV-00900044,2023-06-09 21:51:55,2023-07-09 21:51:55,2023-06-10 21:51:55,4926.69,paid
900045,544,INV-00900045,2023-05-13 13:36:52,2023-06-12 13:36:52,2023-06-06 13:36:52,4977.16,paid
900046,1139,INV-00900046,2023-01-27 06:16:52,2023-02-26 06:16:52,2023-02-06 06:16:52,1096.33,paid
900047,120,INV-00900047,2023-03-10 04:15:34,2023-04-09 04:15:34,2023-03-21 04:15:34,295.25,paid
900048,1197,INV-00900048,2023-05-01 05:41:31,2023-05-31 05:41:31,,293.83,issued
900049,1041,INV-00900049,2023-11-20 17:14:04,2023-12-20 17:14:04,2023-11-23 17:14:04,3379.31,paid
900050,482,INV-00900050,2023-06-08 19:38:07,2023-07-08 19:38:07,,2898.81,issued
900051,82,INV-00900051,2023-02-17 21:00:55,2023-03-19 21:00:55,2023-03-08 21:00:55,2830.48,paid
900052,648,INV-00900052,2023-08-20 16:33:48,2023-09-19 16:33:48,2023-08-31 16:33:48,1201.04,paid
900053,811,INV-00900053,2023-10-25 00:29:53,2023-11-24 00:29:53,2023-11-05 00:29:53,4645.8,paid
900054,1917,INV-00900054,2023-11-24 23:39:40,2023-12-24 23:39:40,2023-12-13 23:39:40,4980.52,paid
900055,151,INV-00900055,2023-03-31 16:14:22,2023-04-30 16:14:22,2023-04-05 16:14:22,4666.96,paid
900056,1805,INV-00900056,2023-11-26 15:06:22,2023-12-26 15:06:22,2023-12-02 15:06:22,2196.54,paid
900057,1113,INV-00900057,2023-01-05 12:59:09,2023-02-04 12:59:09,2023-01-26 12:59:09,2649.41,paid
900058,1368,INV-00900058,2023-03-23 13:06:00,2023-04-22 13:06:00,,4695.26,issued
900059,276,INV-00900059,2023-08-18 19:47:51,2023-09-17 19:47:51,,1369.02,issued
900060,1239,INV-00900060,2023-09-15 11:30:58,2023-10-15 11:30:58,2023-10-06 11:30:58,4266.03,paid
900061,1036,INV-00900061,2023-04-25 14:51:26,2023-05-25 14:51:26,,470.57,issued
900062,868,INV-00900062,2023-08-12 22:23:42,2023-09-11 22:23:42,2023-09-06 22:23:42,662.79,paid
900063,537,INV-00900063,2023-10-10 07:54:48,2023-11-09 07:54:48,2023-10-24 07:54:48,2808.93,paid
900064,230,INV-00900064,2023-11-23 18:34:24,2023-12-23 18:34:24,2023-12-05 18:34:24,2916.72,paid
900065,304,INV-00900065,2023-05-25 19:21:36,2023-06-24 19:21:36,2023-06-06 19:21:36,4495.92,paid
900066,1631,INV-00900066,2023-12-11 10:58:22,2024-01-10 10:58:22,2023-12-19 10:58:22,3338.0,paid
900067,725,INV-00900067,2023-03-20 09:12:16,2023-04-19 09:12:16,,4629.56,issued
900068,485,INV-00900068,2023-10-09 17:33:14,2023-11-08 17:33:14,,905.01,issued
900069,1894,INV-00900069,2023-07-14 09:00:36,2023-08-13 09:00:36,,1341.36,issued
900070,1613,INV-00900070,2023-01-06 20:03:52,2023-02-05 20:03:52,2023-01-08 20:03:52,4294.38,paid
900071,456,INV-00900071,2023-09-20 07:14:28,2023-10-20 07:14:28,2023-09-28 07:14:28,1122.39,paid
900072,1352,INV-00900072,2023-09-24 09:29:33,2023-10-24 09:29:33,2023-09-27 09:29:33,4834.78,paid
900073,572,INV-00900073,2023-07-05 00:38:40,2023-08-04 00:38:40,2023-07-27 00:38:40,4905.94,paid
900074,1099,INV-00900074,2023-07-15 22:59:43,2023-08-14 22:59:43,2023-07-24 22:59:43,901.05,paid
900075,1972,INV-00900075,2023-08-18 22:36:26,2023-09-17 22:36:26,2023-09-01 22:36:26,1734.98,paid
900076,1611,INV-00900076,2023-07-24 08:06:41,2023-08-23 08:06:41,2023-08-10 08:06:41,587.07,paid
900077,1843,INV-00900077,2023-03-11 17:04:46,2023-04-10 17:04:46,2023-04-03 17:04:46,2185.93,paid
900078,1065,INV-00900078,2023-03-31 16:49:35,2023-04-30 16:49:35,2023-04-03 16:49:35,4744.88,paid
900079,1886,INV-00900079,2023-07-15 01:18:42,2023-08-14 01:18:42,2023-07-19 01:18:42,3601.57,paid
900080,616,INV-00900080,2023-04-16 12:44:22,2023-05-16 12:44:22,2023-04-27 12:44:22,2017.98,paid
900081,606,INV-00900081,2023-03-23 19:21:57,2023-04-22 19:21:57,2023-04-14 19:21:57,4702.41,paid
900082,1388,INV-00900082,2023-10-03 01:35:24,2023-11-02 01:35:24,2023-10-16 01:35:24,2744.21,paid
900083,1,INV-00900083,2023-07-29 13:33:14,2023-08-28 13:33:14,2023-08-17 13:33:14,3037.24,paid
900084,660,INV-00900084,2023-05-07 07:54:55,2023-06-06 07:54:55,2023-05-14 07:54:55,2560.76,paid
900085,1626,INV-00900085,2023-10-06 00:00:44,2023-11-05 00:00:44,2023-10-23 00:00:44,3322.63,paid
900086,1269,INV-00900086,2023-07-13 20:36:00,2023-08-12 20:36:00,,3367.25,issued
900087,461,INV-00900087,2023-09-21 18:38:07,2023-10-21 18:38:07,2023-09-29 18:38:07,4919.84,paid
900088,1252,INV-00900088,2023-11-24 07:25:08,2023-12-24 07:25:08,2023-12-15 07:25:08,2882.6,paid
900089,1472,INV-00900089,2023-01-09 10:01:12,2023-02-08 10:01:12,2023-01-17 10:01:12,746.38,paid
900090,1409,INV-00900090,2023-12-29 20:07:10,2024-01-28 20:07:10,,887.67,issued
900091,1962,INV-00900091,2023-01-09 05:08:31,2023-02-08 05:08:31,2023-01-27 05:08:31,1253.5,paid
900092,1738,INV-00900092,2023-10-30 07:22:51,2023-11-29 07:22:51,2023-11-14 07:22:51,3341.21,paid
900093,1145,INV-00900093,2023-03-02 12:26:52,2023-04-01 12:26:52,,3067.14,overdue
900094,1474,INV-00900094,2023-04-17 08:27:47,2023-05-17 08:27:47,,4487.07,overdue
900095,1524,INV-00900095,2023-05-02 07:36:49,2023-06-01 07:36:49,2023-05-10 07:36:49,4200.92,paid
900096,568,INV-00900096,2023-04-09 06:21:23,2023-05-09 06:21:23,2023-04-18 06:21:23,2204.96,paid
900097,1462,INV-00900097,2023-08-07 15:27:45,2023-09-06 15:27:45,2023-08-18 15:27:45,4466.2,paid
900098,166,INV-00900098,2023-10-22 18:30:31,2023-11-21 18:30:31,2023-11-14 18:30:31,772.5,paid
900099,439,INV-00900099,2023-11-29 08:53:43,2023-12-29 08:53:43,2023-12-17 08:53:43,2334.96,paid
900100,128,INV-00900100,2023-09-17 08:42:11,2023-10-17 08:42:11,2023-10-12 08:42:11,2924.56,paid
900101,1425,INV-00900101,2023-12-21 03:02:24,2024-01-20 03:02:24,2023-12-22 03:02:24,4714.28,paid
900102,612,INV-00900102,2023-06-15 08:44:39,2023-07-15 08:44:39,2023-07-09 08:44:39,2735.2,paid
900103,1236,INV-00900103,2023-09-10 06:13:27,2023-10-10 06:13:27,2023-09-24 06:13:27,2433.35,paid
900104,797,INV-00900104,2023-07-12 09:16:46,2023-08-11 09:16:46,2023-07-27 09:16:46,4598.51,paid
900105,1275,INV-00900105,2023-04-02 23:01:06,2023-05-02 23:01:06,,428.9,issued
900106,878,INV-00900106,2023-10-23 07:11:25,2023-11-22 07:11:25,2023-11-01 07:11:25,1901.73,paid
900107,434,INV-00900107,2023-05-13 12:06:00,2023-06-12 12:06:00,2023-05-26 12:06:00,1398.5,paid
900108,1949,INV-00900108,2023-05-30 14:48:55,2023-06-29 14:48:55,,106.72,overdue
900109,1105,INV-00900109,2023-12-05 11:15:30,2024-01-04 11:15:30,2023-12-08 11:15:30,3908.35,paid
900110,1335,INV-00900110,2023-12-11 22:52:13,2024-01-10 22:52:13,,4197.75,issued
900111,1273,INV-00900111,2023-10-14 15:18:54,2023-11-13 15:18:54,2023-11-05 15:18:54,580.8,paid
900112,1942,INV-00900112,2023-09-11 07:04:08,2023-10-11 07:04:08,2023-10-06 07:04:08,1850.79,paid
900113,1241,INV-00900113,2023-02-24 19:49:48,2023-03-26 19:49:48,,4823.96,issued
900114,222,INV-00900114,2023-03-10 23:03:55,2023-04-09 23:03:55,,1989.31,overdue
900115,1465,INV-00900115,2023-09-21 21:13:59,2023-10-21 21:13:59,2023-10-12 21:13:59,1221.82,paid
900116,1428,INV-00900116,2023-07-30 02:08:23,2023-08-29 02:08:23,,1742.55,issued
900117,878,INV-00900117,2023-01-27 10:30:29,2023-02-26 10:30:29,2023-02-17 10:30:29,1712.74,paid
900118,1740,INV-00900118,2023-05-30 06:09:09,2023-06-29 06:09:09,2023-06-11 06:09:09,3181.57,paid
900119,1698,INV-00900119,2023-05-10 18:25:48,2023-06-09 18:25:48,2023-06-03 18:25:48,2613.52,paid
900120,1333,INV-00900120,2023-08-15 01:34:32,2023-09-14 01:34:32,,2329.72,overdue
900121,1692,INV-00900121,2023-03-03 14:13:41,2023-04-02 14:13:41,2023-03-11 14:13:41,4155.35,paid
900122,178,INV-00900122,2023-08-11 07:35:13,2023-09-10 07:35:13,2023-08-26 07:35:13,2853.55,paid
900123,1369,INV-00900123,2023-06-20 11:45:08,2023-07-20 11:45:08,2023-07-01 11:45:08,917.38,paid
900124,435,INV-00900124,2023-07-03 14:35:38,2023-08-02 14:35:38,2023-07-23 14:35:38,3508.91,paid
900125,566,INV-00900125,2023-03-22 23:37:50,2023-04-21 23:37:50,2023-03-29 23:37:50,437.21,paid
900126,1475,INV-00900126,2023-06-06 06:12:42,2023-07-06 06:12:42,2023-06-14 06:12:42,3456.14,paid
900127,1323,INV-00900127,2023-01-01 06:07:48,2023-01-31 06:07:48,2023-01-02 06:07:48,474.34,paid
900128,454,INV-00900128,2023-06-07 15:08:30,2023-07-07 15:08:30,2023-06-26 15:08:30,1851.41,paid
900129,1134,INV-00900129,2023-04-04 11:29:04,2023-05-04 11:29:04,2023-04-28 11:29:04,2756.44,paid
900130,721,INV-00900130,2023-01-06 07:28:47,2023-02-05 07:28:47,2023-01-15 07:28:47,1160.38,paid
900131,1478,INV-00900131,2023-09-24 12:30:41,2023-10-24 12:30:41,2023-10-12 12:30:41,4754.88,paid
900132,1414,INV-00900132,2023-09-28 17:01:35,2023-10-28 17:01:35,2023-10-14 17:01:35,1389.73,paid
900133,1208,INV-00900133,2023-04-07 02:16:18,2023-05-07 02:16:18,2023-04-11 02:16:18,4164.82,paid
900134,607,INV-00900134,2023-09-06 10:51:39,2023-10-06 10:51:39,2023-09-07 10:51:39,3543.01,paid
900135,260,INV-00900135,2023-08-13 22:20:35,2023-09-12 22:20:35,,3490.11,overdue
900136,259,INV-00900136,2023-02-08 06:07:40,2023-03-10 06:07:40,2023-02-09 06:07:40,2874.58,paid
900137,962,INV-00900137,2023-04-30 07:57:47,2023-05-30 07:57:47,2023-05-02 07:57:47,1269.87,paid
900138,1765,INV-00900138,2023-05-01 19:50:47,2023-05-31 19:50:47,,2463.82,overdue
900139,1182,INV-00900139,2023-02-12 22:02:54,2023-03-14 22:02:54,2023-03-03 22:02:54,4746.14,paid
900140,175,INV-00900140,2023-08-26 19:41:15,2023-09-25 19:41:15,2023-09-09 19:41:15,3035.53,paid
900141,1620,INV-00900141,2023-02-18 15:46:59,2023-03-20 15:46:59,,2258.07,overdue
900142,907,INV-00900142,2023-08-01 02:34:21,2023-08-31 02:34:21,,2847.46,overdue
900143,124,INV-00900143,2023-02-22 20:23:14,2023-03-24 20:23:14,,3131.32,issued
900144,542,INV-00900144,2023-01-27 21:02:39,2023-02-26 21:02:39,2023-02-02 21:02:39,2764.44,paid
900145,321,INV-00900145,2023-12-30 09:07:35,2024-01-29 09:07:35,2024-01-19 09:07:35,2354.86,paid
900146,67,INV-00900146,2023-09-04 13:30:38,2023-10-04 13:30:38,2023-09-27 13:30:38,4299.44,paid
900147,146,INV-00900147,2023-01-14 15:30:05,2023-02-13 15:30:05,,2131.44,issued
900148,1116,INV-00900148,2023-09-07 00:25:14,2023-10-07 00:25:14,2023-09-16 00:25:14,4134.89,paid
900149,147,INV-00900149,2023-12-01 17:57:33,2023-12-31 17:57:33,,2201.38,overdue
900150,960,INV-00900150,2023-01-13 12:55:43,2023-02-12 12:55:43,2023-01-22 12:55:43,2507.36,paid
900151,1012,INV-00900151,2023-05-21 21:04:17,2023-06-20 21:04:17,2023-06-04 21:04:17,3675.32,paid
900152,1237,INV-00900152,2023-08-25 23:03:30,2023-09-24 23:03:30,2023-09-16 23:03:30,4181.43,paid
900153,1179,INV-00900153,2023-03-06 23:14:41,2023-04-05 23:14:41,,2885.47,overdue
900154,1563,INV-00900154,2023-10-03 06:52:11,2023-11-02 06:52:11,2023-10-18 06:52:11,4581.2,paid
900155,372,INV-00900155,2023-03-07 08:07:48,2023-04-06 08:07:48,2023-03-23 08:07:48,4845.59,paid
900156,963,INV-00900156,2023-07-06 09:07:57,2023-08-05 09:07:57,2023-07-28 09:07:57,531.95,paid
900157,330,INV-00900157,2023-07-16 09:00:45,2023-08-15 09:00:45,2023-07-26 09:00:45,3316.29,paid
900158,821,INV-00900158,2023-03-25 22:39:51,2023-04-24 22:39:51,2023-04-05 22:39:51,1269.47,paid
900159,238,INV-00900159,2023-06-08 05:15:51,2023-07-08 05:15:51,,3291.73,issued
900160,1112,INV-00900160,2023-05-09 08:57:15,2023-06-08 08:57:15,2023-05-26 08:57:15,1815.28,paid
900161,1550,INV-00900161,2023-04-20 01:13:47,2023-05-20 01:13:47,2023-04-22 01:13:47,1025.76,paid
900162,1125,INV-00900162,2023-10-25 13:30:48,2023-11-24 13:30:48,2023-11-17 13:30:48,2428.71,paid
900163,60,INV-00900163,2023-02-12 01:49:54,2023-03-14 01:49:54,,1560.64,issued
900164,29,INV-00900164,2023-03-24 09:08:44,2023-04-23 09:08:44,2023-03-28 09:08:44,2312.62,paid
900165,241,INV-00900165,2023-02-03 18:23:39,2023-03-05 18:23:39,2023-02-26 18:23:39,1466.39,paid
900166,1445,INV-00900166,2023-08-14 08:52:21,2023-09-13 08:52:21,,1226.22,overdue
900167,1129,INV-00900167,2023-10-18 10:02:03,2023-11-17 10:02:03,2023-11-07 10:02:03,2546.12,paid
900168,1801,INV-00900168,2023-10-23 21:27:30,2023-11-22 21:27:30,2023-11-06 21:27:30,1705.98,paid
900169,1614,INV-00900169,2023-04-16 14:16:22,2023-05-16 14:16:22,,3632.99,overdue
900170,1716,INV-00900170,2023-03-06 02:53:09,2023-04-05 02:53:09,,4327.65,overdue
900171,915,INV-00900171,2023-03-31 06:21:57,2023-04-30 06:21:57,2023-04-18 06:21:57,3816.73,paid
900172,773,INV-00900172,2023-05-12 12:17:04,2023-06-11 12:17:04,,2863.27,issued
900173,479,INV-00900173,2023-06-04 22:24:40,2023-07-04 22:24:40,2023-06-20 22:24:40,3529.09,paid
900174,1662,INV-00900174,2023-06-19 09:56:36,2023-07-19 09:56:36,,2481.69,issued
900175,76,INV-00900175,2023-10-28 05:42:44,2023-11-27 05:42:44,,4349.8,overdue
900176,1791,INV-00900176,2023-05-20 20:22:11,2023-06-19 20:22:11,2023-06-04 20:22:11,86.58,paid
900177,296,INV-00900177,2023-06-05 00:09:37,2023-07-05 00:09:37,,2352.76,issued
900178,1985,INV-00900178,2023-08-18 11:40:25,2023-09-17 11:40:25,2023-08-31 11:40:25,3252.68,paid
900179,1745,INV-00900179,2023-07-16 04:34:18,2023-08-15 04:34:18,2023-07-27 04:34:18,3137.73,paid
900180,1818,INV-00900180,2023-04-26 04:18:08,2023-05-26 04:18:08,2023-04-29 04:18:08,1181.5,paid
900181,1402,INV-00900181,2023-08-06 15:43:03,2023-09-05 15:43:03,2023-08-20 15:43:03,4891.91,paid
900182,1558,INV-00900182,2023-02-10 20:20:27,2023-03-12 20:20:27,2023-03-05 20:20:27,1504.34,paid
900183,60,INV-00900183,2023-12-08 12:11:24,2024-01-07 12:11:24,,1798.73,overdue
900184,883,INV-00900184,2023-10-18 15:06:33,2023-11-17 15:06:33,2023-11-06 15:06:33,3412.18,paid
900185,369,INV-00900185,2023-10-05 17:37:34,2023-11-04 17:37:34,2023-10-18 17:37:34,3102.35,paid
900186,494,INV-00900186,2023-04-21 02:46:05,2023-05-21 02:46:05,2023-05-06 02:46:05,3193.14,paid
900187,942,INV-00900187,2023-08-23 23:39:29,2023-09-22 23:39:29,,4507.04,overdue
900188,1388,INV-00900188,2023-03-27 18:14:54,2023-04-26 18:14:54,2023-04-08 18:14:54,4938.38,paid
900189,613,INV-00900189,2023-02-07 08:33:05,2023-03-09 08:33:05,2023-02-22 08:33:05,4228.07,paid
900190,408,INV-00900190,2023-06-18 06:24:25,2023-07-18 06:24:25,2023-07-01 06:24:25,2863.89,paid
900191,1178,INV-00900191,2023-08-02 13:15:04,2023-09-01 13:15:04,2023-08-24 13:15:04,1985.07,paid
900192,17,INV-00900192,2023-03-17 22:12:52,2023-04-16 22:12:52,,4165.87,overdue
900193,1850,INV-00900193,2023-08-07 15:37:18,2023-09-06 15:37:18,2023-08-19 15:37:18,1102.83,paid
900194,390,INV-00900194,2023-02-17 14:52:30,2023-03-19 14:52:30,2023-03-13 14:52:30,3839.68,paid
900195,1395,INV-00900195,2023-10-22 01:07:35,2023-11-21 01:07:35,2023-11-12 01:07:35,3235.24,paid
900196,633,INV-00900196,2023-05-20 22:47:07,2023-06-19 22:47:07,2023-06-13 22:47:07,665.74,paid
900197,1863,INV-00900197,2023-08-02 12:06:17,2023-09-01 12:06:17,2023-08-08 12:06:17,1011.97,paid
900198,1611,INV-00900198,2023-03-30 10:40:47,2023-04-29 10:40:47,2023-04-08 10:40:47,4154.06,paid
900199,527,INV-00900199,2023-04-29 13:15:16,2023-05-29 13:15:16,2023-05-10 13:15:16,4023.12,paid
900200,960,INV-00900200,2023-11-23 18:52:31,2023-12-23 18:52:31,,4302.1,issued
900201,1484,INV-00900201,2023-01-20 09:31:51,2023-02-19 09:31:51,,460.61,overdue
900202,809,INV-00900202,2023-12-24 14:22:17,2024-01-23 14:22:17,2024-01-08 14:22:17,1849.24,paid
900203,1534,INV-00900203,2023-01-21 14:27:18,2023-02-20 14:27:18,2023-02-11 14:27:18,4702.06,paid
900204,222,INV-00900204,2023-01-20 15:29:13,2023-02-19 15:29:13,2023-02-09 15:29:13,4422.33,paid
900205,1150,INV-00900205,2023-07-17 01:47:16,2023-08-16 01:47:16,2023-07-20 01:47:16,3180.67,paid
900206,951,INV-00900206,2023-01-07 12:59:52,2023-02-06 12:59:52,2023-01-11 12:59:52,707.49,paid
900207,1938,INV-00900207,2023-12-12 12:55:07,2024-01-11 12:55:07,,494.99,issued
900208,1818,INV-00900208,2023-03-31 19:03:39,2023-04-30 19:03:39,2023-04-12 19:03:39,3355.73,paid
900209,1522,INV-00900209,2023-01-09 04:19:56,2023-02-08 04:19:56,2023-02-02 04:19:56,3635.73,paid
900210,1814,INV-00900210,2023-06-02 00:09:19,2023-07-02 00:09:19,2023-06-18 00:09:19,3082.1,paid
900211,1924,INV-00900211,2023-08-10 22:48:32,2023-09-09 22:48:32,2023-08-17 22:48:32,2222.48,paid
900212,1947,INV-00900212,2023-09-02 10:47:43,2023-10-02 10:47:43,2023-09-24 10:47:43,1843.0,paid
900213,1847,INV-00900213,2023-02-04 10:56:28,2023-03-06 10:56:28,2023-02-13 10:56:28,957.14,paid
900214,251,INV-00900214,2023-05-13 20:39:45,2023-06-12 20:39:45,2023-06-03 20:39:45,3201.07,paid
900215,1989,INV-00900215,2023-12-21 22:09:31,2024-01-20 22:09:31,,4944.22,issued
900216,1612,INV-00900216,2023-03-17 16:31:44,2023-04-16 16:31:44,2023-04-11 16:31:44,2775.5,paid
900217,1201,INV-00900217,2023-09-12 15:31:01,2023-10-12 15:31:01,2023-09-17 15:31:01,3945.33,paid
900218,1221,INV-00900218,2023-12-30 13:54:18,2024-01-29 13:54:18,,4937.76,issued
900219,1107,INV-00900219,2023-08-25 17:38:49,2023-09-24 17:38:49,2023-08-26 17:38:49,667.7,paid
900220,734,INV-00900220,2023-09-01 02:33:38,2023-10-01 02:33:38,2023-09-07 02:33:38,1334.18,paid
900221,260,INV-00900221,2023-05-30 04:50:45,2023-06-29 04:50:45,2023-06-02 04:50:45,2386.47,paid
900222,1594,INV-00900222,2023-06-29 05:18:49,2023-07-29 05:18:49,2023-07-14 05:18:49,2524.16,paid
900223,1937,INV-00900223,2023-02-20 22:25:17,2023-03-22 22:25:17,2023-03-14 22:25:17,2612.04,paid
900224,939,INV-00900224,2023-02-05 22:51:58,2023-03-07 22:51:58,2023-02-21 22:51:58,4238.02,paid
900225,874,INV-00900225,2023-01-14 20:04:10,2023-02-13 20:04:10,2023-01-29 20:04:10,376.72,paid
900226,166,INV-00900226,2023-07-20 01:51:10,2023-08-19 01:51:10,2023-07-25 01:51:10,1382.33,paid
900227,1297,INV-00900227,2023-03-07 04:02:06,2023-04-06 04:02:06,2023-03-20 04:02:06,4973.19,paid
900228,1087,INV-00900228,2023-08-03 07:28:51,2023-09-02 07:28:51,2023-08-17 07:28:51,504.9,paid
900229,1438,INV-00900229,2023-11-03 00:09:46,2023-12-03 00:09:46,2023-11-28 00:09:46,2761.16,paid
900230,1773,INV-00900230,2023-09-12 08:20:30,2023-10-12 08:20:30,2023-09-20 08:20:30,2074.93,paid
900231,1695,INV-00900231,2023-05-13 09:28:58,2023-06-12 09:28:58,2023-05-17 09:28:58,1569.62,paid
900232,641,INV-00900232,2023-01-25 14:43:12,2023-02-24 14:43:12,2023-01-30 14:43:12,3437.24,paid
900233,972,INV-00900233,2023-11-27 20:40:43,2023-12-27 20:40:43,,2165.06,issued
900234,1525,INV-00900234,2023-06-24 19:15:46,2023-07-24 19:15:46,2023-07-13 19:15:46,4783.56,paid
900235,1151,INV-00900235,2023-07-16 19:32:59,2023-08-15 19:32:59,2023-08-07 19:32:59,4706.24,paid
900236,867,INV-00900236,2023-12-05 13:31:40,2024-01-04 13:31:40,2023-12-17 13:31:40,526.97,paid
900237,1040,INV-00900237,2023-09-14 18:22:00,2023-10-14 18:22:00,2023-09-22 18:22:00,4237.9,paid
900238,718,INV-00900238,2023-03-22 10:37:04,2023-04-21 10:37:04,2023-03-31 10:37:04,2874.76,paid
900239,1654,INV-00900239,2023-05-26 03:34:34,2023-06-25 03:34:34,,3048.88,issued
900240,1348,INV-00900240,2023-01-10 14:15:46,2023-02-09 14:15:46,2023-01-19 14:15:46,3516.47,paid
900241,633,INV-00900241,2023-07-11 11:13:11,2023-08-10 11:13:11,2023-07-16 11:13:11,2835.94,paid
900242,821,INV-00900242,2023-11-26 18:50:05,2023-12-26 18:50:05,2023-11-27 18:50:05,467.87,paid
900243,1087,INV-00900243,2023-09-12 10:18:12,2023-10-12 10:18:12,2023-09-23 10:18:12,795.47,paid
900244,639,INV-00900244,2023-07-18 03:20:05,2023-08-17 03:20:05,2023-07-20 03:20:05,786.34,paid
900245,1546,INV-00900245,2023-02-18 22:11:18,2023-03-20 22:11:18,2023-02-27 22:11:18,2221.13,paid
900246,869,INV-00900246,2023-04-27 01:53:50,2023-05-27 01:53:50,2023-05-06 01:53:50,1085.69,paid
900247,1050,INV-00900247,2023-11-03 11:25:58,2023-12-03 11:25:58,2023-11-13 11:25:58,3394.31,paid
900248,1215,INV-00900248,2023-04-26 04:48:54,2023-05-26 04:48:54,2023-04-28 04:48:54,1110.39,paid
900249,1228,INV-00900249,2023-12-03 23:43:13,2024-01-02 23:43:13,2023-12-10 23:43:13,3839.07,paid
900250,1566,INV-00900250,2023-08-23 13:27:42,2023-09-22 13:27:42,2023-08-24 13:27:42,2491.95,paid
900251,882,INV-00900251,2023-10-03 19:17:48,2023-11-02 19:17:48,2023-10-26 19:17:48,1158.25,paid
900252,1145,INV-00900252,2023-01-23 11:06:19,2023-02-22 11:06:19,2023-02-16 11:06:19,221.09,paid
900253,39,INV-00900253,2023-05-10 21:09:55,2023-06-09 21:09:55,,2871.26,overdue
900254,1454,INV-00900254,2023-02-07 08:47:33,2023-03-09 08:47:33,2023-02-20 08:47:33,114.07,paid
900255,666,INV-00900255,2023-10-05 01:29:42,2023-11-04 01:29:42,2023-10-28 01:29:42,4599.65,paid
900256,181,INV-00900256,2023-05-22 20:08:45,2023-06-21 20:08:45,2023-06-10 20:08:45,2008.24,paid
900257,162,INV-00900257,2023-06-12 12:42:12,2023-07-12 12:42:12,2023-06-20 12:42:12,1672.01,paid
900258,345,INV-00900258,2023-11-22 05:24:50,2023-12-22 05:24:50,2023-12-09 05:24:50,2554.66,paid
900259,1856,INV-00900259,2023-07-06 11:13:01,2023-08-05 11:13:01,2023-07-27 11:13:01,4077.03,paid
900260,484,INV-00900260,2023-11-09 18:40:06,2023-12-09 18:40:06,2023-11-15 18:40:06,3015.97,paid
900261,1557,INV-00900261,2023-01-30 21:15:24,2023-03-01 21:15:24,2023-02-24 21:15:24,3143.46,paid
900262,951,INV-00900262,2023-03-18 02:54:08,2023-04-17 02:54:08,2023-04-06 02:54:08,3218.53,paid
900263,1280,INV-00900263,2023-07-19 01:09:50,2023-08-18 01:09:50,2023-08-03 01:09:50,350.75,paid
900264,906,INV-00900264,2023-02-11 12:58:29,2023-03-13 12:58:29,,1766.19,issued
900265,152,INV-00900265,2023-07-26 07:11:19,2023-08-25 07:11:19,2023-07-28 07:11:19,1850.0,paid
900266,588,INV-00900266,2023-11-22 00:31:43,2023-12-22 00:31:43,,3078.89,issued
900267,1039,INV-00900267,2023-06-18 07:09:12,2023-07-18 07:09:12,2023-07-12 07:09:12,4480.43,paid
900268,922,INV-00900268,2023-03-14 00:16:03,2023-04-13 00:16:03,2023-04-03 00:16:03,2383.39,paid
900269,309,INV-00900269,2023-11-30 07:35:50,2023-12-30 07:35:50,2023-12-11 07:35:50,4912.1,paid
900270,173,INV-00900270,2023-04-17 00:28:31,2023-05-17 00:28:31,2023-04-25 00:28:31,3541.03,paid
900271,900,INV-00900271,2023-04-07 04:58:03,2023-05-07 04:58:03,2023-04-19 04:58:03,1870.53,paid
900272,580,INV-00900272,2023-06-16 09:07:02,2023-07-16 09:07:02,,3948.24,issued
900273,1326,INV-00900273,2023-07-13 21:36:01,2023-08-12 21:36:01,2023-07-31 21:36:01,3395.11,paid
900274,582,INV-00900274,2023-08-24 00:05:43,2023-09-23 00:05:43,,1673.48,issued
900275,1194,INV-00900275,2023-01-26 18:51:03,2023-02-25 18:51:03,,4838.81,overdue
900276,1431,INV-00900276,2023-01-26 09:43:46,2023-02-25 09:43:46,2023-02-18 09:43:46,4690.63,paid
900277,635,INV-00900277,2023-03-20 10:17:08,2023-04-19 10:17:08,2023-03-31 10:17:08,4067.79,paid
900278,1373,INV-00900278,2023-01-06 04:50:05,2023-02-05 04:50:05,2023-01-28 04:50:05,2122.8,paid
900279,742,INV-00900279,2023-12-22 10:47:54,2024-01-21 10:47:54,2023-12-29 10:47:54,1715.24,paid
900280,1570,INV-00900280,2023-04-27 17:00:34,2023-05-27 17:00:34,2023-05-02 17:00:34,783.18,paid
900281,606,INV-00900281,2023-11-10 05:30:57,2023-12-10 05:30:57,,3313.03,issued
900282,1795,INV-00900282,2023-02-18 19:13:44,2023-03-20 19:13:44,2023-02-23 19:13:44,819.61,paid
900283,1703,INV-00900283,2023-01-11 01:15:15,2023-02-10 01:15:15,,3608.7,issued
900284,90,INV-00900284,2023-06-04 10:44:11,2023-07-04 10:44:11,2023-06-12 10:44:11,4848.25,paid
900285,1251,INV-00900285,2023-08-08 07:39:19,2023-09-07 07:39:19,2023-08-16 07:39:19,1554.24,paid
900286,1657,INV-00900286,2023-05-05 16:56:10,2023-06-04 16:56:10,2023-05-24 16:56:10,4922.35,paid
900287,946,INV-00900287,2023-08-09 10:05:48,2023-09-08 10:05:48,2023-08-23 10:05:48,4831.68,paid
900288,1673,INV-00900288,2023-09-20 01:59:06,2023-10-20 01:59:06,2023-09-29 01:59:06,270.38,paid
900289,985,INV-00900289,2023-06-24 03:48:36,2023-07-24 03:48:36,,1432.46,issued
900290,1563,INV-00900290,2023-10-10 14:04:05,2023-11-09 14:04:05,2023-10-27 14:04:05,745.27,paid
900291,896,INV-00900291,2023-11-15 15:54:58,2023-12-15 15:54:58,,4653.05,overdue
900292,850,INV-00900292,2023-12-04 09:33:56,2024-01-03 09:33:56,2023-12-12 09:33:56,1936.97,paid
900293,168,INV-00900293,2023-06-23 15:49:30,2023-07-23 15:49:30,2023-06-27 15:49:30,4197.49,paid
900294,1332,INV-00900294,2023-07-13 18:40:58,2023-08-12 18:40:58,2023-07-23 18:40:58,4587.81,paid
900295,968,INV-00900295,2023-01-09 18:56:49,2023-02-08 18:56:49,,2248.52,overdue
900296,11,INV-00900296,2023-11-21 23:18:30,2023-12-21 23:18:30,2023-11-26 23:18:30,2748.53,paid
900297,1490,INV-00900297,2023-02-23 04:47:04,2023-03-25 04:47:04,2023-03-20 04:47:04,1447.63,paid
900298,617,INV-00900298,2023-10-30 22:15:42,2023-11-29 22:15:42,2023-11-20 22:15:42,3971.56,paid
900299,937,INV-00900299,2023-11-29 19:57:50,2023-12-29 19:57:50,,2987.73,overdue
900300,34,INV-00900300,2023-02-11 05:14:09,2023-03-13 05:14:09,2023-03-06 05:14:09,726.45,paid
900301,880,INV-00900301,2023-12-31 01:36:56,2024-01-30 01:36:56,2024-01-19 01:36:56,2088.67,paid
900302,1361,INV-00900302,2023-01-23 20:52:59,2023-02-22 20:52:59,2023-02-04 20:52:59,347.72,paid
900303,1078,INV-00900303,2023-03-28 05:31:44,2023-04-27 05:31:44,,1958.36,issued
900304,963,INV-00900304,2023-12-09 00:51:22,2024-01-08 00:51:22,2023-12-21 00:51:22,1275.71,paid
900305,34,INV-00900305,2023-07-02 21:32:25,2023-08-01 21:32:25,2023-07-26 21:32:25,3288.95,paid
900306,213,INV-00900306,2023-03-09 11:53:37,2023-04-08 11:53:37,2023-03-21 11:53:37,2734.61,paid
900307,1667,INV-00900307,2023-02-05 17:37:31,2023-03-07 17:37:31,,4904.29,overdue
900308,981,INV-00900308,2023-02-11 17:21:49,2023-03-13 17:21:49,,3583.06,issued
900309,1933,INV-00900309,2023-05-11 22:39:13,2023-06-10 22:39:13,2023-05-13 22:39:13,3957.63,paid
900310,1815,INV-00900310,2023-12-10 12:30:35,2024-01-09 12:30:35,,4945.72,overdue
900311,1113,INV-00900311,2023-05-03 14:46:38,2023-06-02 14:46:38,2023-05-24 14:46:38,963.61,paid
900312,732,INV-00900312,2023-12-07 00:07:32,2024-01-06 00:07:32,2023-12-11 00:07:32,3998.72,paid
900313,895,INV-00900313,2023-06-10 07:59:23,2023-07-10 07:59:23,,1701.79,overdue
900314,383,INV-00900314,2023-04-21 05:53:09,2023-05-21 05:53:09,2023-05-08 05:53:09,1340.94,paid
900315,170,INV-00900315,2023-05-28 21:07:35,2023-06-27 21:07:35,2023-06-03 21:07:35,2731.92,paid
900316,658,INV-00900316,2023-11-09 21:05:06,2023-12-09 21:05:06,2023-11-19 21:05:06,1539.41,paid
900317,1235,INV-00900317,2023-05-27 17:55:58,2023-06-26 17:55:58,2023-06-08 17:55:58,2241.18,paid
900318,1489,INV-00900318,2023-07-04 01:36:51,2023-08-03 01:36:51,,3200.95,overdue
900319,1621,INV-00900319,2023-12-02 21:16:05,2024-01-01 21:16:05,2023-12-15 21:16:05,1822.92,paid
900320,1641,INV-00900320,2023-01-18 18:10:31,2023-02-17 18:10:31,,4244.86,issued
900321,1389,INV-00900321,2023-05-21 22:43:59,2023-06-20 22:43:59,2023-05-29 22:43:59,3894.79,paid
900322,751,INV-00900322,2023-06-29 10:03:39,2023-07-29 10:03:39,,3029.42,issued
900323,1391,INV-00900323,2023-05-15 10:29:37,2023-06-14 10:29:37,2023-06-09 10:29:37,393.66,paid
900324,282,INV-00900324,2023-04-04 10:38:24,2023-05-04 10:38:24,2023-04-25 10:38:24,1400.66,paid
900325,1968,INV-00900325,2023-11-03 23:03:24,2023-12-03 23:03:24,2023-11-19 23:03:24,2593.55,paid
900326,1871,INV-00900326,2023-03-19 19:42:45,2023-04-18 19:42:45,2023-03-28 19:42:45,3523.15,paid
900327,440,INV-00900327,2023-02-21 13:36:09,2023-03-23 13:36:09,2023-03-09 13:36:09,1008.89,paid
900328,278,INV-00900328,2023-11-24 07:32:30,2023-12-24 07:32:30,2023-12-17 07:32:30,2231.1,paid
900329,180,INV-00900329,2023-01-16 12:21:51,2023-02-15 12:21:51,2023-02-08 12:21:51,334.05,paid
900330,1111,INV-00900330,2023-08-05 13:04:45,2023-09-04 13:04:45,,3970.54,issued
900331,1042,INV-00900331,2023-09-08 19:34:53,2023-10-08 19:34:53,,1191.31,issued
900332,1012,INV-00900332,2023-12-18 10:51:37,2024-01-17 10:51:37,2023-12-30 10:51:37,2342.36,paid
900333,1130,INV-00900333,2023-10-26 01:43:11,2023-11-25 01:43:11,,1553.36,issued
900334,1469,INV-00900334,2023-04-30 04:51:37,2023-05-30 04:51:37,2023-05-14 04:51:37,4118.46,paid
900335,152,INV-00900335,2023-10-28 12:27:27,2023-11-27 12:27:27,2023-11-12 12:27:27,2334.51,paid
900336,1060,INV-00900336,2023-07-08 19:19:39,2023-08-07 19:19:39,,3841.23,issued
900337,265,INV-00900337,2023-05-24 05:41:29,2023-06-23 05:41:29,,4158.64,issued
900338,1062,INV-00900338,2023-10-14 12:55:38,2023-11-13 12:55:38,2023-10-25 12:55:38,4674.34,paid
900339,462,INV-00900339,2023-07-07 05:06:28,2023-08-06 05:06:28,,1260.52,issued
900340,1301,INV-00900340,2023-03-24 14:00:28,2023-04-23 14:00:28,2023-04-03 14:00:28,3076.0,paid
900341,192,INV-00900341,2023-04-18 00:39:45,2023-05-18 00:39:45,2023-05-07 00:39:45,779.43,paid
900342,1350,INV-00900342,2023-02-15 01:58:04,2023-03-17 01:58:04,2023-03-06 01:58:04,215.56,paid
900343,1770,INV-00900343,2023-12-17 21:02:34,2024-01-16 21:02:34,2024-01-07 21:02:34,3857.4,paid
900344,543,INV-00900344,2023-02-01 16:19:29,2023-03-03 16:19:29,,3094.36,overdue
900345,63,INV-00900345,2023-04-21 01:09:57,2023-05-21 01:09:57,2023-05-12 01:09:57,4783.68,paid
900346,990,INV-00900346,2023-08-28 09:12:53,2023-09-27 09:12:53,2023-08-31 09:12:53,3446.18,paid
900347,324,INV-00900347,2023-05-20 08:52:04,2023-06-19 08:52:04,2023-05-27 08:52:04,1707.56,paid
900348,295,INV-00900348,2023-07-24 12:22:27,2023-08-23 12:22:27,2023-08-05 12:22:27,4877.12,paid
900349,268,INV-00900349,2023-06-25 05:15:01,2023-07-25 05:15:01,2023-07-06 05:15:01,1216.27,paid
900350,251,INV-00900350,2023-08-17 07:37:51,2023-09-16 07:37:51,2023-08-21 07:37:51,262.52,paid
900351,1937,INV-00900351,2023-06-18 01:35:42,2023-07-18 01:35:42,2023-06-24 01:35:42,4069.25,paid
900352,1913,INV-00900352,2023-03-11 12:36:52,2023-04-10 12:36:52,2023-03-17 12:36:52,2496.35,paid
900353,1055,INV-00900353,2023-05-06 05:50:27,2023-06-05 05:50:27,,125.65,overdue
900354,1936,INV-00900354,2023-06-13 05:35:51,2023-07-13 05:35:51,2023-06-21 05:35:51,1083.57,paid
900355,723,INV-00900355,2023-12-07 22:09:36,2024-01-06 22:09:36,2023-12-27 22:09:36,4412.87,paid
900356,1340,INV-00900356,2023-01-21 06:52:00,2023-02-20 06:52:00,2023-01-22 06:52:00,4237.39,paid
900357,883,INV-00900357,2023-10-24 14:22:16,2023-11-23 14:22:16,2023-11-18 14:22:16,2022.24,paid
900358,93,INV-00900358,2023-06-09 22:08:15,2023-07-09 22:08:15,2023-06-16 22:08:15,1818.99,paid
900359,592,INV-00900359,2023-11-24 09:56:01,2023-12-24 09:56:01,2023-12-19 09:56:01,2753.79,paid
900360,1691,INV-00900360,2023-02-15 01:45:10,2023-03-17 01:45:10,2023-02-19 01:45:10,1975.58,paid
900361,1628,INV-00900361,2023-07-11 03:41:24,2023-08-10 03:41:24,,1003.3,issued
900362,1043,INV-00900362,2023-06-09 05:47:34,2023-07-09 05:47:34,2023-06-11 05:47:34,693.81,paid
900363,683,INV-00900363,2023-05-03 05:05:31,2023-06-02 05:05:31,2023-05-23 05:05:31,4466.73,paid
900364,287,INV-00900364,2023-07-17 01:40:44,2023-08-16 01:40:44,2023-07-30 01:40:44,4953.17,paid
900365,1515,INV-00900365,2023-07-31 02:23:00,2023-08-30 02:23:00,2023-08-17 02:23:00,2666.38,paid
900366,1452,INV-00900366,2023-03-18 13:05:06,2023-04-17 13:05:06,2023-03-19 13:05:06,1848.11,paid
900367,1380,INV-00900367,2023-11-05 08:50:04,2023-12-05 08:50:04,2023-11-29 08:50:04,4361.77,paid
900368,1289,INV-00900368,2023-12-18 02:16:02,2024-01-17 02:16:02,2024-01-08 02:16:02,3916.69,paid
900369,1590,INV-00900369,2023-03-10 02:58:09,2023-04-09 02:58:09,2023-03-12 02:58:09,2921.78,paid
900370,350,INV-00900370,2023-04-07 01:05:53,2023-05-07 01:05:53,2023-05-02 01:05:53,4207.42,paid
900371,303,INV-00900371,2023-01-17 15:10:55,2023-02-16 15:10:55,2023-02-09 15:10:55,558.38,paid
900372,39,INV-00900372,2023-05-20 12:34:44,2023-06-19 12:34:44,2023-06-03 12:34:44,3455.6,paid
900373,841,INV-00900373,2023-04-19 01:44:13,2023-05-19 01:44:13,,3531.82,issued
900374,1063,INV-00900374,2023-09-16 03:34:44,2023-10-16 03:34:44,2023-10-08 03:34:44,2397.07,paid
900375,772,INV-00900375,2023-07-24 17:41:41,2023-08-23 17:41:41,2023-08-11 17:41:41,1718.21,paid
900376,726,INV-00900376,2023-01-19 00:34:41,2023-02-18 00:34:41,,3054.28,overdue
900377,394,INV-00900377,2023-08-27 13:50:31,2023-09-26 13:50:31,2023-09-04 13:50:31,4708.01,paid
900378,610,INV-00900378,2023-08-06 16:27:12,2023-09-05 16:27:12,2023-08-22 16:27:12,1592.03,paid
900379,715,INV-00900379,2023-03-20 14:02:38,2023-04-19 14:02:38,2023-04-08 14:02:38,3386.35,paid
900380,778,INV-00900380,2023-06-12 11:26:03,2023-07-12 11:26:03,,1459.36,issued
900381,590,INV-00900381,2022-12-31 21:07:22,2023-01-30 21:07:22,2023-01-15 21:07:22,3283.3,paid
900382,1531,INV-00900382,2023-04-30 16:12:33,2023-05-30 16:12:33,2023-05-18 16:12:33,1362.95,paid
900383,1152,INV-00900383,2023-01-09 14:06:39,2023-02-08 14:06:39,2023-01-29 14:06:39,3707.05,paid
900384,491,INV-00900384,2023-08-29 22:09:07,2023-09-28 22:09:07,2023-09-15 22:09:07,1136.1,paid
900385,477,INV-00900385,2023-12-05 20:21:07,2024-01-04 20:21:07,2023-12-28 20:21:07,2367.3,paid
900386,1396,INV-00900386,2023-10-22 23:48:41,2023-11-21 23:48:41,,2040.47,issued
900387,1915,INV-00900387,2023-05-02 06:37:00,2023-06-01 06:37:00,2023-05-27 06:37:00,4819.93,paid
900388,658,INV-00900388,2023-08-07 00:29:01,2023-09-06 00:29:01,2023-09-01 00:29:01,456.41,paid
900389,1176,INV-00900389,2023-09-04 04:30:57,2023-10-04 04:30:57,2023-09-06 04:30:57,4567.02,paid
900390,359,INV-00900390,2023-06-01 17:36:00,2023-07-01 17:36:00,,4985.89,issued
900391,814,INV-00900391,2023-04-22 17:13:00,2023-05-22 17:13:00,,4384.95,overdue
900392,19,INV-00900392,2023-08-01 03:19:17,2023-08-31 03:19:17,2023-08-12 03:19:17,1429.96,paid
900393,1314,INV-00900393,2023-03-28 04:54:37,2023-04-27 04:54:37,2023-04-02 04:54:37,4256.79,paid
900394,959,INV-00900394,2023-08-14 16:58:48,2023-09-13 16:58:48,,820.85,overdue
900395,940,INV-00900395,2023-02-03 14:38:00,2023-03-05 14:38:00,2023-02-04 14:38:00,3685.72,paid
900396,1620,INV-00900396,2023-08-02 03:19:40,2023-09-01 03:19:40,2023-08-09 03:19:40,885.72,paid
900397,1754,INV-00900397,2023-02-07 09:14:12,2023-03-09 09:14:12,,442.82,overdue
900398,1371,INV-00900398,2023-11-13 17:16:21,2023-12-13 17:16:21,,1624.77,overdue
900399,509,INV-00900399,2023-12-28 14:30:19,2024-01-27 14:30:19,2024-01-12 14:30:19,3771.25,paid
900400,1954,INV-00900400,2023-07-16 13:00:24,2023-08-15 13:00:24,2023-08-04 13:00:24,67.06,paid
900401,1339,INV-00900401,2023-06-30 15:23:48,2023-07-30 15:23:48,2023-07-04 15:23:48,2332.32,paid
900402,328,INV-00900402,2023-06-07 05:42:14,2023-07-07 05:42:14,,3454.55,overdue
900403,1309,INV-00900403,2023-08-02 10:37:06,2023-09-01 10:37:06,2023-08-10 10:37:06,4787.23,paid
900404,980,INV-00900404,2023-10-14 07:26:06,2023-11-13 07:26:06,2023-11-03 07:26:06,1874.39,paid
900405,1438,INV-00900405,2023-03-25 06:51:28,2023-04-24 06:51:28,,3811.68,issued
900406,1394,INV-00900406,2023-03-01 21:01:10,2023-03-31 21:01:10,2023-03-18 21:01:10,3521.79,paid
900407,160,INV-00900407,2023-03-18 19:54:53,2023-04-17 19:54:53,2023-04-05 19:54:53,4515.41,paid
900408,415,INV-00900408,2023-03-13 04:27:39,2023-04-12 04:27:39,2023-03-24 04:27:39,4273.89,paid
900409,905,INV-00900409,2023-11-02 16:31:18,2023-12-02 16:31:18,2023-11-18 16:31:18,463.8,paid
900410,1046,INV-00900410,2023-05-17 21:58:28,2023-06-16 21:58:28,2023-06-03 21:58:28,2082.97,paid
900411,1155,INV-00900411,2023-12-02 03:39:18,2024-01-01 03:39:18,2023-12-12 03:39:18,3619.17,paid
900412,811,INV-00900412,2023-08-23 23:53:25,2023-09-22 23:53:25,2023-09-11 23:53:25,374.42,paid
900413,868,INV-00900413,2023-07-08 21:40:43,2023-08-07 21:40:43,2023-07-10 21:40:43,4673.57,paid
900414,142,INV-00900414,2023-05-04 22:50:41,2023-06-03 22:50:41,2023-05-10 22:50:41,3847.17,paid
900415,1569,INV-00900415,2023-02-06 00:29:04,2023-03-08 00:29:04,,4964.35,overdue
900416,784,INV-00900416,2023-05-16 10:15:21,2023-06-15 10:15:21,2023-06-07 10:15:21,4821.08,paid
900417,1792,INV-00900417,2023-03-30 19:09:29,2023-04-29 19:09:29,2023-04-11 19:09:29,601.98,paid
900418,1101,INV-00900418,2023-06-13 04:44:44,2023-07-13 04:44:44,2023-06-21 04:44:44,4175.76,paid
900419,1549,INV-00900419,2023-12-20 13:08:13,2024-01-19 13:08:13,2024-01-13 13:08:13,2726.78,paid
900420,1090,INV-00900420,2023-06-20 15:38:18,2023-07-20 15:38:18,2023-07-02 15:38:18,784.06,paid
900421,387,INV-00900421,2023-11-04 22:49:38,2023-12-04 22:49:38,,3078.47,overdue
900422,1918,INV-00900422,2023-12-23 15:14:16,2024-01-22 15:14:16,2023-12-27 15:14:16,2973.78,paid
900423,915,INV-00900423,2023-02-28 22:13:40,2023-03-30 22:13:40,2023-03-02 22:13:40,2017.3,paid
900424,480,INV-00900424,2023-03-30 16:05:23,2023-04-29 16:05:23,,709.28,issued
900425,593,INV-00900425,2023-09-03 03:01:29,2023-10-03 03:01:29,2023-09-23 03:01:29,3864.97,paid
900426,1677,INV-00900426,2023-07-20 15:22:29,2023-08-19 15:22:29,2023-07-25 15:22:29,4928.62,paid
900427,1068,INV-00900427,2023-09-09 08:56:34,2023-10-09 08:56:34,2023-09-11 08:56:34,2788.02,paid
900428,1212,INV-00900428,2023-10-03 01:12:30,2023-11-02 01:12:30,2023-10-21 01:12:30,2483.15,paid
900429,1992,INV-00900429,2023-07-08 00:34:40,2023-08-07 00:34:40,2023-07-25 00:34:40,1600.48,paid
900430,853,INV-00900430,2023-06-05 18:34:02,2023-07-05 18:34:02,2023-06-11 18:34:02,3774.54,paid
900431,970,INV-00900431,2023-08-30 15:47:44,2023-09-29 15:47:44,2023-09-22 15:47:44,730.32,paid
900432,949,INV-00900432,2023-12-02 03:31:27,2024-01-01 03:31:27,2023-12-16 03:31:27,2790.86,paid
900433,275,INV-00900433,2023-06-16 15:09:29,2023-07-16 15:09:29,2023-06-27 15:09:29,3237.06,paid
900434,1889,INV-00900434,2023-05-15 10:29:23,2023-06-14 10:29:23,2023-06-08 10:29:23,4148.74,paid
900435,106,INV-00900435,2023-08-16 10:16:04,2023-09-15 10:16:04,2023-09-05 10:16:04,207.34,paid
900436,150,INV-00900436,2023-09-26 02:36:25,2023-10-26 02:36:25,2023-10-14 02:36:25,1092.91,paid
900437,428,INV-00900437,2023-07-14 12:57:41,2023-08-13 12:57:41,,1066.92,issued
900438,390,INV-00900438,2023-11-01 06:33:47,2023-12-01 06:33:47,,1989.19,issued
900439,491,INV-00900439,2023-03-24 12:17:26,2023-04-23 12:17:26,,2336.59,overdue
900440,1329,INV-00900440,2023-07-01 12:46:15,2023-07-31 12:46:15,2023-07-18 12:46:15,4415.23,paid
900441,955,INV-00900441,2023-11-11 06:54:23,2023-12-11 06:54:23,,4572.51,overdue
900442,760,INV-00900442,2023-07-24 08:55:46,2023-08-23 08:55:46,2023-08-01 08:55:46,3708.85,paid
900443,34,INV-00900443,2023-08-20 03:51:17,2023-09-19 03:51:17,,1483.01,overdue
900444,402,INV-00900444,2023-07-16 15:37:31,2023-08-15 15:37:31,2023-07-24 15:37:31,2501.51,paid
900445,1341,INV-00900445,2023-01-15 11:42:35,2023-02-14 11:42:35,2023-01-31 11:42:35,4832.88,paid
900446,1315,INV-00900446,2023-04-24 07:13:19,2023-05-24 07:13:19,2023-05-06 07:13:19,854.64,paid
900447,1476,INV-00900447,2023-03-27 06:13:16,2023-04-26 06:13:16,2023-04-14 06:13:16,4951.71,paid
900448,1961,INV-00900448,2023-12-01 04:55:26,2023-12-31 04:55:26,2023-12-04 04:55:26,4726.49,paid
900449,1369,INV-00900449,2023-12-07 23:46:04,2024-01-06 23:46:04,2023-12-28 23:46:04,1164.85,paid
900450,1449,INV-00900450,2023-10-15 23:40:02,2023-11-14 23:40:02,2023-10-30 23:40:02,1872.27,paid
900451,1266,INV-00900451,2023-02-08 01:33:12,2023-03-10 01:33:12,,88.5,overdue
900452,1090,INV-00900452,2023-03-24 09:01:26,2023-04-23 09:01:26,2023-04-10 09:01:26,3613.74,paid
900453,1098,INV-00900453,2023-08-07 23:22:34,2023-09-06 23:22:34,2023-08-30 23:22:34,3373.42,paid
900454,1652,INV-00900454,2023-10-01 20:06:14,2023-10-31 20:06:14,,1212.43,issued
900455,1270,INV-00900455,2023-04-06 14:48:36,2023-05-06 14:48:36,,3976.73,overdue
900456,162,INV-00900456,2023-06-23 09:13:02,2023-07-23 09:13:02,2023-07-01 09:13:02,4951.26,paid
900457,463,INV-00900457,2023-07-31 21:03:54,2023-08-30 21:03:54,2023-08-21 21:03:54,3800.33,paid
900458,192,INV-00900458,2023-06-07 10:11:30,2023-07-07 10:11:30,2023-06-23 10:11:30,290.01,paid
900459,20,INV-00900459,2023-01-06 17:45:37,2023-02-05 17:45:37,2023-01-20 17:45:37,3228.09,paid
900460,679,INV-00900460,2023-03-17 20:31:41,2023-04-16 20:31:41,,1156.53,issued
900461,1846,INV-00900461,2023-01-11 03:21:51,2023-02-10 03:21:51,2023-01-13 03:21:51,4621.55,paid
900462,1402,INV-00900462,2023-08-10 04:13:44,2023-09-09 04:13:44,2023-08-12 04:13:44,904.98,paid
900463,1742,INV-00900463,2023-07-23 23:25:48,2023-08-22 23:25:48,,3763.75,issued
900464,1460,INV-00900464,2023-06-11 21:11:56,2023-07-11 21:11:56,2023-06-30 21:11:56,1209.96,paid
900465,1710,INV-00900465,2023-06-15 04:19:08,2023-07-15 04:19:08,2023-07-10 04:19:08,3701.33,paid
900466,1619,INV-00900466,2023-01-13 21:08:41,2023-02-12 21:08:41,2023-01-25 21:08:41,277.95,paid
900467,896,INV-00900467,2023-09-04 21:13:57,2023-10-04 21:13:57,2023-09-29 21:13:57,3073.19,paid
900468,1220,INV-00900468,2023-06-11 12:07:02,2023-07-11 12:07:02,2023-06-20 12:07:02,3919.91,paid
900469,923,INV-00900469,2023-04-24 15:41:38,2023-05-24 15:41:38,2023-05-07 15:41:38,2164.92,paid
900470,1393,INV-00900470,2023-03-07 10:09:44,2023-04-06 10:09:44,2023-03-27 10:09:44,1483.94,paid
900471,505,INV-00900471,2022-12-31 21:19:26,2023-01-30 21:19:26,2023-01-05 21:19:26,1906.2,paid
900472,1606,INV-00900472,2023-02-10 18:22:59,2023-03-12 18:22:59,2023-02-21 18:22:59,1809.89,paid
900473,188,INV-00900473,2023-12-29 12:46:35,2024-01-28 12:46:35,2024-01-23 12:46:35,1356.13,paid
900474,272,INV-00900474,2023-11-17 17:10:39,2023-12-17 17:10:39,2023-12-05 17:10:39,2778.15,paid
900475,836,INV-00900475,2023-11-09 23:02:38,2023-12-09 23:02:38,2023-11-27 23:02:38,474.39,paid
900476,1225,INV-00900476,2023-07-18 09:58:27,2023-08-17 09:58:27,2023-08-01 09:58:27,1945.12,paid
900477,174,INV-00900477,2023-03-20 15:09:44,2023-04-19 15:09:44,2023-03-26 15:09:44,3429.73,paid
900478,348,INV-00900478,2023-10-21 14:12:33,2023-11-20 14:12:33,2023-11-06 14:12:33,738.21,paid
900479,343,INV-00900479,2023-05-23 13:57:10,2023-06-22 13:57:10,2023-06-08 13:57:10,3915.51,paid
900480,740,INV-00900480,2023-08-25 15:01:19,2023-09-24 15:01:19,2023-09-10 15:01:19,2973.09,paid
900481,401,INV-00900481,2023-05-11 20:06:19,2023-06-10 20:06:19,2023-05-12 20:06:19,4744.63,paid
900482,681,INV-00900482,2023-02-17 10:10:08,2023-03-19 10:10:08,,2206.71,overdue
900483,882,INV-00900483,2023-02-01 02:21:32,2023-03-03 02:21:32,2023-02-12 02:21:32,3020.02,paid
900484,1424,INV-00900484,2023-09-20 06:33:36,2023-10-20 06:33:36,2023-10-03 06:33:36,4843.94,paid
900485,597,INV-00900485,2023-01-10 00:57:25,2023-02-09 00:57:25,2023-01-29 00:57:25,3912.05,paid
900486,668,INV-00900486,2023-06-22 13:47:41,2023-07-22 13:47:41,,1831.43,overdue
900487,1909,INV-00900487,2023-03-18 16:43:32,2023-04-17 16:43:32,2023-04-05 16:43:32,907.84,paid
900488,1573,INV-00900488,2023-03-25 23:01:13,2023-04-24 23:01:13,,4715.44,overdue
900489,430,INV-00900489,2023-05-21 13:23:35,2023-06-20 13:23:35,,4096.64,issued
900490,1630,INV-00900490,2023-06-05 05:49:16,2023-07-05 05:49:16,2023-06-15 05:49:16,1217.69,paid
900491,1349,INV-00900491,2023-10-14 08:35:40,2023-11-13 08:35:40,,2250.84,issued
900492,1225,INV-00900492,2023-04-30 02:48:05,2023-05-30 02:48:05,2023-05-17 02:48:05,4618.24,paid
900493,1782,INV-00900493,2023-01-11 08:46:13,2023-02-10 08:46:13,2023-01-23 08:46:13,3511.16,paid
900494,1664,INV-00900494,2023-04-01 02:22:47,2023-05-01 02:22:47,2023-04-04 02:22:47,555.75,paid
900495,509,INV-00900495,2023-01-29 11:04:29,2023-02-28 11:04:29,2023-02-18 11:04:29,231.04,paid
900496,1322,INV-00900496,2023-01-19 00:27:11,2023-02-18 00:27:11,2023-02-13 00:27:11,1664.67,paid
900497,1631,INV-00900497,2023-05-25 20:08:34,2023-06-24 20:08:34,2023-06-03 20:08:34,1117.79,paid
900498,1530,INV-00900498,2023-04-10 03:41:03,2023-05-10 03:41:03,2023-04-29 03:41:03,1112.95,paid
900499,767,INV-00900499,2023-06-14 07:08:26,2023-07-14 07:08:26,,1731.39,issued
900500,51,INV-00900500,2023-04-28 20:11:37,2023-05-28 20:11:37,2023-05-01 20:11:37,589.19,paid
900501,1927,INV-00900501,2023-10-20 11:19:04,2023-11-19 11:19:04,2023-11-04 11:19:04,3923.51,paid
900502,1068,INV-00900502,2023-04-28 11:19:08,2023-05-28 11:19:08,2023-05-13 11:19:08,3612.75,paid
900503,927,INV-00900503,2023-07-21 21:33:16,2023-08-20 21:33:16,2023-08-13 21:33:16,584.28,paid
900504,1740,INV-00900504,2023-07-09 00:24:30,2023-08-08 00:24:30,2023-07-15 00:24:30,4650.31,paid
900505,1517,INV-00900505,2023-08-29 05:12:48,2023-09-28 05:12:48,2023-09-04 05:12:48,1661.64,paid
900506,874,INV-00900506,2023-05-09 15:33:31,2023-06-08 15:33:31,,940.07,issued
900507,1347,INV-00900507,2023-05-24 09:35:51,2023-06-23 09:35:51,2023-06-13 09:35:51,4416.66,paid
900508,921,INV-00900508,2023-03-03 08:21:38,2023-04-02 08:21:38,2023-03-26 08:21:38,1081.83,paid
900509,571,INV-00900509,2023-01-05 21:43:20,2023-02-04 21:43:20,2023-01-23 21:43:20,942.93,paid
900510,668,INV-00900510,2023-09-22 07:20:28,2023-10-22 07:20:28,2023-10-14 07:20:28,4314.56,paid
900511,1081,INV-00900511,2023-02-07 12:35:22,2023-03-09 12:35:22,2023-02-27 12:35:22,1968.79,paid
900512,234,INV-00900512,2023-07-06 11:11:05,2023-08-05 11:11:05,,4070.55,issued
900513,1446,INV-00900513,2023-08-01 01:37:39,2023-08-31 01:37:39,2023-08-23 01:37:39,678.4,paid
900514,242,INV-00900514,2023-08-31 12:52:54,2023-09-30 12:52:54,2023-09-12 12:52:54,3470.25,paid
900515,1047,INV-00900515,2023-06-16 08:46:21,2023-07-16 08:46:21,2023-07-05 08:46:21,1924.71,paid
900516,381,INV-00900516,2023-04-26 00:51:44,2023-05-26 00:51:44,2023-05-17 00:51:44,4654.17,paid
900517,355,INV-00900517,2023-03-22 17:55:29,2023-04-21 17:55:29,2023-03-27 17:55:29,943.62,paid
900518,1725,INV-00900518,2023-05-15 01:26:53,2023-06-14 01:26:53,2023-05-27 01:26:53,4759.69,paid
900519,993,INV-00900519,2023-10-23 16:53:45,2023-11-22 16:53:45,,2051.58,overdue
900520,1008,INV-00900520,2023-06-02 07:50:24,2023-07-02 07:50:24,2023-06-05 07:50:24,2831.34,paid
900521,1630,INV-00900521,2023-09-10 13:21:56,2023-10-10 13:21:56,2023-09-18 13:21:56,2692.67,paid
900522,345,INV-00900522,2023-05-11 03:24:20,2023-06-10 03:24:20,2023-06-05 03:24:20,2481.61,paid
900523,1047,INV-00900523,2023-11-04 03:08:54,2023-12-04 03:08:54,2023-11-29 03:08:54,2720.1,paid
900524,752,INV-00900524,2023-03-29 22:29:07,2023-04-28 22:29:07,,2736.3,overdue
900525,871,INV-00900525,2023-11-09 00:12:02,2023-12-09 00:12:02,,4375.3,overdue
900526,67,INV-00900526,2023-05-15 14:25:53,2023-06-14 14:25:53,2023-05-18 14:25:53,2200.96,paid
900527,241,INV-00900527,2023-09-01 16:21:31,2023-10-01 16:21:31,,4306.63,overdue
900528,1250,INV-00900528,2023-02-11 08:24:40,2023-03-13 08:24:40,2023-02-16 08:24:40,3926.4,paid
900529,1667,INV-00900529,2023-09-17 21:50:20,2023-10-17 21:50:20,2023-10-05 21:50:20,1412.61,paid
900530,1104,INV-00900530,2023-10-06 12:12:59,2023-11-05 12:12:59,,1453.77,overdue
900531,548,INV-00900531,2023-04-12 20:31:59,2023-05-12 20:31:59,2023-05-07 20:31:59,3930.6,paid
900532,1882,INV-00900532,2023-12-01 13:54:11,2023-12-31 13:54:11,,3510.12,issued
900533,272,INV-00900533,2023-08-26 18:40:32,2023-09-25 18:40:32,2023-09-03 18:40:32,3809.75,paid
900534,1385,INV-00900534,2023-06-13 06:10:46,2023-07-13 06:10:46,2023-07-04 06:10:46,1350.9,paid
900535,849,INV-00900535,2023-06-22 07:32:37,2023-07-22 07:32:37,2023-07-17 07:32:37,474.54,paid
900536,1056,INV-00900536,2023-08-11 10:33:46,2023-09-10 10:33:46,2023-08-27 10:33:46,1643.17,paid
900537,6,INV-00900537,2023-11-14 07:18:31,2023-12-14 07:18:31,2023-12-07 07:18:31,1797.53,paid
900538,130,INV-00900538,2023-04-02 09:31:11,2023-05-02 09:31:11,2023-04-16 09:31:11,4125.99,paid
900539,1014,INV-00900539,2023-08-16 12:14:42,2023-09-15 12:14:42,,2741.08,overdue
900540,268,INV-00900540,2023-03-17 06:19:46,2023-04-16 06:19:46,,239.26,issued
900541,1283,INV-00900541,2023-05-10 23:24:26,2023-06-09 23:24:26,2023-05-16 23:24:26,2212.02,paid
900542,2,INV-00900542,2023-05-26 16:38:02,2023-06-25 16:38:02,,4411.92,issued
900543,619,INV-00900543,2023-10-11 14:01:24,2023-11-10 14:01:24,2023-10-23 14:01:24,1259.44,paid
900544,762,INV-00900544,2023-01-25 00:22:26,2023-02-24 00:22:26,2023-02-07 00:22:26,3131.77,paid
900545,1487,INV-00900545,2023-01-07 15:28:31,2023-02-06 15:28:31,2023-01-10 15:28:31,3521.45,paid
900546,3,INV-00900546,2023-09-13 06:38:24,2023-10-13 06:38:24,2023-10-02 06:38:24,1138.69,paid
900547,1393,INV-00900547,2023-05-18 23:39:43,2023-06-17 23:39:43,2023-05-29 23:39:43,4087.37,paid
900548,1762,INV-00900548,2023-05-29 19:11:16,2023-06-28 19:11:16,2023-06-06 19:11:16,1921.52,paid
900549,1497,INV-00900549,2023-11-09 20:14:34,2023-12-09 20:14:34,2023-11-19 20:14:34,694.28,paid
900550,1585,INV-00900550,2023-10-24 00:38:28,2023-11-23 00:38:28,,351.37,issued
900551,1154,INV-00900551,2023-12-27 01:46:45,2024-01-26 01:46:45,2024-01-11 01:46:45,1762.43,paid
900552,437,INV-00900552,2023-02-13 18:29:20,2023-03-15 18:29:20,,4301.21,overdue
900553,178,INV-00900553,2023-11-10 18:54:09,2023-12-10 18:54:09,,1764.16,overdue
900554,880,INV-00900554,2023-07-23 18:54:33,2023-08-22 18:54:33,2023-08-13 18:54:33,430.4,paid
900555,1134,INV-00900555,2023-02-27 02:09:16,2023-03-29 02:09:16,2023-03-09 02:09:16,3897.06,paid
900556,1415,INV-00900556,2023-12-18 00:01:42,2024-01-17 00:01:42,,2593.57,issued
900557,1044,INV-00900557,2023-09-26 09:44:13,2023-10-26 09:44:13,2023-09-28 09:44:13,3921.17,paid
900558,1626,INV-00900558,2023-08-31 05:58:55,2023-09-30 05:58:55,2023-09-08 05:58:55,2502.92,paid
900559,1217,INV-00900559,2023-11-25 04:45:57,2023-12-25 04:45:57,,4934.54,issued
900560,1913,INV-00900560,2023-07-22 19:11:41,2023-08-21 19:11:41,2023-08-10 19:11:41,2110.11,paid
900561,1119,INV-00900561,2023-01-16 17:42:35,2023-02-15 17:42:35,,93.28,issued
900562,139,INV-00900562,2023-12-24 14:27:15,2024-01-23 14:27:15,2023-12-26 14:27:15,4743.91,paid
900563,816,INV-00900563,2023-04-16 13:34:10,2023-05-16 13:34:10,2023-05-03 13:34:10,3837.88,paid
900564,868,INV-00900564,2023-01-06 09:21:13,2023-02-05 09:21:13,2023-01-24 09:21:13,2692.9,paid
900565,313,INV-00900565,2023-08-11 20:57:23,2023-09-10 20:57:23,2023-08-28 20:57:23,4605.42,paid
900566,1996,INV-00900566,2023-10-13 04:28:15,2023-11-12 04:28:15,2023-11-01 04:28:15,3175.13,paid
900567,1710,INV-00900567,2023-02-02 00:35:01,2023-03-04 00:35:01,2023-02-25 00:35:01,2193.06,paid
900568,1953,INV-00900568,2023-08-31 21:53:31,2023-09-30 21:53:31,2023-09-14 21:53:31,588.77,paid
900569,1254,INV-00900569,2023-02-23 21:59:48,2023-03-25 21:59:48,2023-03-19 21:59:48,3293.68,paid
900570,360,INV-00900570,2023-10-31 23:32:20,2023-11-30 23:32:20,2023-11-23 23:32:20,66.64,paid
900571,1017,INV-00900571,2023-07-07 04:57:29,2023-08-06 04:57:29,2023-07-31 04:57:29,1303.64,paid
900572,762,INV-00900572,2023-10-28 14:12:53,2023-11-27 14:12:53,2023-11-01 14:12:53,3859.44,paid
900573,61,INV-00900573,2023-07-13 08:22:08,2023-08-12 08:22:08,2023-07-16 08:22:08,1322.12,paid
900574,1997,INV-00900574,2023-03-11 01:09:09,2023-04-10 01:09:09,2023-03-26 01:09:09,2558.8,paid
900575,114,INV-00900575,2023-04-20 03:21:38,2023-05-20 03:21:38,2023-04-26 03:21:38,1283.03,paid
900576,211,INV-00900576,2023-03-13 19:48:03,2023-04-12 19:48:03,2023-03-30 19:48:03,22.82,paid
900577,1759,INV-00900577,2023-12-25 15:05:47,2024-01-24 15:05:47,2024-01-06 15:05:47,1921.07,paid
900578,308,INV-00900578,2023-10-01 22:42:45,2023-10-31 22:42:45,2023-10-24 22:42:45,3705.92,paid
900579,859,INV-00900579,2023-09-08 12:17:01,2023-10-08 12:17:01,2023-10-02 12:17:01,1606.48,paid
900580,1692,INV-00900580,2023-11-22 03:11:28,2023-12-22 03:11:28,2023-12-09 03:11:28,3369.9,paid
900581,108,INV-00900581,2023-10-01 15:52:27,2023-10-31 15:52:27,,4770.86,issued
900582,142,INV-00900582,2023-05-07 13:43:18,2023-06-06 13:43:18,,1643.23,overdue
900583,1133,INV-00900583,2023-05-12 23:42:36,2023-06-11 23:42:36,2023-05-22 23:42:36,2823.4,paid
900584,623,INV-00900584,2023-02-16 15:10:05,2023-03-18 15:10:05,2023-03-07 15:10:05,4859.57,paid
900585,1583,INV-00900585,2023-09-22 04:06:02,2023-10-22 04:06:02,,761.33,issued
900586,1910,INV-00900586,2023-06-05 23:07:47,2023-07-05 23:07:47,2023-06-17 23:07:47,3183.35,paid
900587,1421,INV-00900587,2023-12-27 11:48:09,2024-01-26 11:48:09,2024-01-18 11:48:09,1887.61,paid
900588,1512,INV-00900588,2023-07-27 20:12:56,2023-08-26 20:12:56,2023-08-04 20:12:56,2104.88,paid
900589,1969,INV-00900589,2023-12-01 18:48:59,2023-12-31 18:48:59,2023-12-04 18:48:59,229.06,paid
900590,475,INV-00900590,2023-04-09 08:57:40,2023-05-09 08:57:40,2023-04-21 08:57:40,2297.71,paid
900591,1532,INV-00900591,2023-11-18 02:51:18,2023-12-18 02:51:18,2023-11-23 02:51:18,3189.71,paid
900592,808,INV-00900592,2023-11-23 02:27:00,2023-12-23 02:27:00,2023-12-07 02:27:00,3315.6,paid
900593,268,INV-00900593,2023-09-01 13:22:50,2023-10-01 13:22:50,2023-09-12 13:22:50,4630.95,paid
900594,805,INV-00900594,2023-01-07 12:07:18,2023-02-06 12:07:18,2023-01-16 12:07:18,1175.72,paid
900595,1933,INV-00900595,2023-09-19 19:02:40,2023-10-19 19:02:40,,785.5,issued
900596,337,INV-00900596,2023-05-15 07:01:54,2023-06-14 07:01:54,2023-05-19 07:01:54,2684.26,paid
900597,1976,INV-00900597,2023-09-16 07:32:47,2023-10-16 07:32:47,2023-09-25 07:32:47,4263.89,paid
900598,186,INV-00900598,2023-10-12 12:55:26,2023-11-11 12:55:26,,1082.95,issued
900599,1755,INV-00900599,2023-07-17 18:35:59,2023-08-16 18:35:59,2023-07-25 18:35:59,4842.32,paid
900600,812,INV-00900600,2023-04-13 22:13:04,2023-05-13 22:13:04,2023-04-22 22:13:04,4102.25,paid
900601,357,INV-00900601,2023-12-16 09:16:36,2024-01-15 09:16:36,,482.68,issued
900602,209,INV-00900602,2023-10-21 19:34:41,2023-11-20 19:34:41,2023-11-15 19:34:41,4913.01,paid
900603,268,INV-00900603,2023-09-21 09:24:55,2023-10-21 09:24:55,2023-10-12 09:24:55,4688.5,paid
900604,173,INV-00900604,2023-03-08 02:39:37,2023-04-07 02:39:37,2023-03-11 02:39:37,118.78,paid
900605,133,INV-00900605,2023-09-21 00:28:50,2023-10-21 00:28:50,2023-09-26 00:28:50,468.97,paid
900606,1736,INV-00900606,2023-07-15 19:32:21,2023-08-14 19:32:21,2023-07-30 19:32:21,262.68,paid
900607,1893,INV-00900607,2023-03-13 08:13:46,2023-04-12 08:13:46,,2485.67,overdue
900608,784,INV-00900608,2023-01-16 08:27:57,2023-02-15 08:27:57,2023-01-23 08:27:57,4542.44,paid
900609,564,INV-00900609,2023-08-10 07:45:41,2023-09-09 07:45:41,,3074.39,issued
900610,1264,INV-00900610,2023-08-28 00:26:00,2023-09-27 00:26:00,2023-09-11 00:26:00,4415.07,paid
900611,982,INV-00900611,2023-11-30 20:48:23,2023-12-30 20:48:23,2023-12-05 20:48:23,2101.98,paid
900612,1317,INV-00900612,2023-04-06 14:55:44,2023-05-06 14:55:44,2023-04-24 14:55:44,3976.28,paid
900613,784,INV-00900613,2022-12-31 10:55:31,2023-01-30 10:55:31,2023-01-16 10:55:31,1726.73,paid
900614,1159,INV-00900614,2023-04-18 12:17:27,2023-05-18 12:17:27,2023-04-24 12:17:27,140.05,paid
900615,1223,INV-00900615,2023-09-10 22:56:00,2023-10-10 22:56:00,,302.37,overdue
900616,967,INV-00900616,2023-04-04 10:59:11,2023-05-04 10:59:11,,4870.16,issued
900617,206,INV-00900617,2023-08-27 00:05:04,2023-09-26 00:05:04,2023-09-14 00:05:04,4083.26,paid
900618,1879,INV-00900618,2023-12-03 16:00:42,2024-01-02 16:00:42,2023-12-16 16:00:42,1780.48,paid
900619,1719,INV-00900619,2023-10-04 17:35:19,2023-11-03 17:35:19,2023-10-15 17:35:19,4032.99,paid
900620,1429,INV-00900620,2023-07-01 02:27:43,2023-07-31 02:27:43,2023-07-24 02:27:43,1764.89,paid
900621,1163,INV-00900621,2023-03-18 18:49:35,2023-04-17 18:49:35,2023-03-25 18:49:35,4185.12,paid
900622,1660,INV-00900622,2023-04-23 04:15:43,2023-05-23 04:15:43,2023-05-09 04:15:43,199.44,paid
900623,116,INV-00900623,2023-09-03 02:05:39,2023-10-03 02:05:39,2023-09-20 02:05:39,2395.17,paid
900624,680,INV-00900624,2023-02-20 16:39:54,2023-03-22 16:39:54,,3587.52,overdue
900625,1882,INV-00900625,2023-07-19 21:49:54,2023-08-18 21:49:54,2023-08-07 21:49:54,3526.43,paid
900626,291,INV-00900626,2023-11-05 04:50:18,2023-12-05 04:50:18,,1874.22,issued
900627,1930,INV-00900627,2023-01-26 09:35:49,2023-02-25 09:35:49,2023-02-06 09:35:49,1515.81,paid
900628,280,INV-00900628,2023-10-12 08:05:39,2023-11-11 08:05:39,,3249.41,overdue
900629,357,INV-00900629,2023-01-03 03:32:21,2023-02-02 03:32:21,2023-01-23 03:32:21,3937.09,paid
900630,458,INV-00900630,2023-01-25 02:33:26,2023-02-24 02:33:26,,1541.05,overdue
900631,1411,INV-00900631,2023-08-03 19:21:49,2023-09-02 19:21:49,2023-08-04 19:21:49,4744.45,paid
900632,1943,INV-00900632,2023-03-13 09:44:33,2023-04-12 09:44:33,,918.59,issued
900633,652,INV-00900633,2023-02-21 15:57:27,2023-03-23 15:57:27,2023-02-25 15:57:27,4684.07,paid
900634,289,INV-00900634,2023-07-15 21:10:02,2023-08-14 21:10:02,2023-07-26 21:10:02,847.76,paid
900635,1814,INV-00900635,2023-11-16 00:43:52,2023-12-16 00:43:52,2023-11-27 00:43:52,2238.68,paid
900636,544,INV-00900636,2023-09-15 14:54:53,2023-10-15 14:54:53,2023-09-27 14:54:53,1290.72,paid
900637,222,INV-00900637,2023-12-31 22:14:50,2024-01-30 22:14:50,2024-01-24 22:14:50,2104.07,paid
900638,341,INV-00900638,2023-06-03 06:02:51,2023-07-03 06:02:51,,2734.66,overdue
900639,208,INV-00900639,2023-04-30 02:57:14,2023-05-30 02:57:14,2023-05-22 02:57:14,1135.66,paid
900640,925,INV-00900640,2023-11-24 22:47:01,2023-12-24 22:47:01,2023-12-05 22:47:01,1313.03,paid
900641,215,INV-00900641,2023-11-24 11:33:19,2023-12-24 11:33:19,2023-12-07 11:33:19,812.91,paid
900642,154,INV-00900642,2023-03-26 20:36:37,2023-04-25 20:36:37,2023-04-15 20:36:37,4467.2,paid
900643,1443,INV-00900643,2023-12-16 08:17:46,2024-01-15 08:17:46,,3040.51,issued
900644,890,INV-00900644,2023-10-12 22:03:01,2023-11-11 22:03:01,2023-10-19 22:03:01,4872.25,paid
900645,839,INV-00900645,2023-01-09 03:49:32,2023-02-08 03:49:32,2023-02-02 03:49:32,2705.23,paid
900646,1353,INV-00900646,2023-08-09 13:10:20,2023-09-08 13:10:20,2023-08-11 13:10:20,1970.58,paid
900647,1126,INV-00900647,2023-04-24 18:24:29,2023-05-24 18:24:29,2023-04-25 18:24:29,2143.75,paid
900648,604,INV-00900648,2023-01-27 01:14:29,2023-02-26 01:14:29,2023-02-03 01:14:29,493.96,paid
900649,424,INV-00900649,2023-10-05 00:45:52,2023-11-04 00:45:52,2023-10-08 00:45:52,2373.12,paid
900650,237,INV-00900650,2023-07-27 09:31:44,2023-08-26 09:31:44,2023-08-18 09:31:44,1332.37,paid
900651,1315,INV-00900651,2023-03-28 09:53:27,2023-04-27 09:53:27,2023-04-10 09:53:27,1853.31,paid
900652,913,INV-00900652,2023-12-09 14:24:50,2024-01-08 14:24:50,2023-12-18 14:24:50,1138.95,paid
900653,551,INV-00900653,2023-03-18 21:45:21,2023-04-17 21:45:21,2023-04-10 21:45:21,3340.67,paid
900654,176,INV-00900654,2023-01-23 11:28:59,2023-02-22 11:28:59,,4853.82,overdue
900655,1208,INV-00900655,2023-09-06 03:50:39,2023-10-06 03:50:39,2023-09-19 03:50:39,4093.84,paid
900656,858,INV-00900656,2023-04-01 06:42:44,2023-05-01 06:42:44,2023-04-09 06:42:44,2386.55,paid
900657,162,INV-00900657,2023-06-12 22:44:09,2023-07-12 22:44:09,2023-06-29 22:44:09,4004.25,paid
900658,1388,INV-00900658,2023-02-17 18:37:54,2023-03-19 18:37:54,2023-03-14 18:37:54,2250.71,paid
900659,1944,INV-00900659,2023-10-07 16:17:08,2023-11-06 16:17:08,,222.95,issued
900660,161,INV-00900660,2023-01-16 08:08:53,2023-02-15 08:08:53,2023-02-06 08:08:53,747.91,paid
900661,1219,INV-00900661,2023-08-21 12:21:30,2023-09-20 12:21:30,,444.27,issued
900662,1140,INV-00900662,2023-06-11 03:54:02,2023-07-11 03:54:02,2023-06-20 03:54:02,2603.24,paid
900663,1879,INV-00900663,2023-12-25 01:18:55,2024-01-24 01:18:55,2024-01-08 01:18:55,571.47,paid
900664,307,INV-00900664,2023-10-17 03:22:16,2023-11-16 03:22:16,2023-11-11 03:22:16,4824.51,paid
900665,206,INV-00900665,2023-11-07 03:30:48,2023-12-07 03:30:48,,4338.7,overdue
900666,1803,INV-00900666,2023-07-08 09:02:24,2023-08-07 09:02:24,2023-07-29 09:02:24,2433.07,paid
900667,1248,INV-00900667,2023-05-03 22:38:10,2023-06-02 22:38:10,2023-05-16 22:38:10,727.82,paid
900668,1247,INV-00900668,2023-01-17 09:22:26,2023-02-16 09:22:26,2023-01-28 09:22:26,3455.66,paid
900669,101,INV-00900669,2023-05-02 14:13:17,2023-06-01 14:13:17,,1695.95,issued
900670,1626,INV-00900670,2023-07-29 12:40:44,2023-08-28 12:40:44,2023-08-14 12:40:44,4292.59,paid
900671,1403,INV-00900671,2023-11-11 15:42:02,2023-12-11 15:42:02,2023-12-05 15:42:02,2221.12,paid
900672,1692,INV-00900672,2023-07-20 14:11:27,2023-08-19 14:11:27,2023-08-09 14:11:27,3231.32,paid
900673,385,INV-00900673,2023-05-19 16:18:13,2023-06-18 16:18:13,,3707.31,overdue
900674,1556,INV-00900674,2023-04-11 10:23:11,2023-05-11 10:23:11,,337.43,issued
900675,1454,INV-00900675,2023-04-16 09:18:48,2023-05-16 09:18:48,2023-05-03 09:18:48,4397.87,paid
900676,60,INV-00900676,2023-10-04 16:58:55,2023-11-03 16:58:55,,4186.51,issued
900677,511,INV-00900677,2023-12-15 07:22:53,2024-01-14 07:22:53,2023-12-27 07:22:53,3526.12,paid
900678,562,INV-00900678,2023-06-26 07:05:54,2023-07-26 07:05:54,2023-07-17 07:05:54,4616.14,paid
900679,1396,INV-00900679,2023-12-16 15:11:29,2024-01-15 15:11:29,2024-01-05 15:11:29,2236.06,paid
900680,1968,INV-00900680,2023-05-03 02:37:57,2023-06-02 02:37:57,2023-05-15 02:37:57,825.93,paid
900681,1832,INV-00900681,2023-08-21 20:42:33,2023-09-20 20:42:33,2023-09-03 20:42:33,257.76,paid
900682,1749,INV-00900682,2023-03-14 16:11:49,2023-04-13 16:11:49,,3391.7,issued
900683,552,INV-00900683,2023-02-01 09:05:26,2023-03-03 09:05:26,2023-02-26 09:05:26,4836.02,paid
900684,1398,INV-00900684,2023-12-27 06:44:20,2024-01-26 06:44:20,,3009.7,issued
900685,18,INV-00900685,2023-09-08 14:48:39,2023-10-08 14:48:39,2023-09-18 14:48:39,3566.58,paid
900686,1453,INV-00900686,2023-02-05 13:58:26,2023-03-07 13:58:26,2023-02-18 13:58:26,4259.42,paid
900687,941,INV-00900687,2023-08-24 16:03:19,2023-09-23 16:03:19,2023-09-15 16:03:19,2607.98,paid
900688,1278,INV-00900688,2023-06-11 02:43:11,2023-07-11 02:43:11,2023-06-28 02:43:11,4997.15,paid
900689,1980,INV-00900689,2023-06-23 03:33:29,2023-07-23 03:33:29,2023-07-13 03:33:29,1420.56,paid
900690,1402,INV-00900690,2023-11-06 06:27:38,2023-12-06 06:27:38,2023-11-15 06:27:38,3206.57,paid
900691,1765,INV-00900691,2023-08-12 14:29:31,2023-09-11 14:29:31,2023-09-02 14:29:31,1500.97,paid
900692,308,INV-00900692,2023-04-11 15:15:04,2023-05-11 15:15:04,,3306.05,overdue
900693,1395,INV-00900693,2023-10-21 23:04:24,2023-11-20 23:04:24,2023-10-31 23:04:24,1304.54,paid
900694,858,INV-00900694,2023-06-07 09:51:49,2023-07-07 09:51:49,2023-06-26 09:51:49,3543.26,paid
900695,1172,INV-00900695,2023-09-25 11:30:21,2023-10-25 11:30:21,2023-10-03 11:30:21,3434.73,paid
900696,1308,INV-00900696,2023-05-02 10:56:52,2023-06-01 10:56:52,2023-05-08 10:56:52,4204.79,paid
900697,1796,INV-00900697,2023-03-21 17:24:19,2023-04-20 17:24:19,2023-04-06 17:24:19,648.44,paid
900698,530,INV-00900698,2023-03-20 17:20:05,2023-04-19 17:20:05,,3275.63,overdue
900699,456,INV-00900699,2023-07-03 15:52:08,2023-08-02 15:52:08,2023-07-13 15:52:08,2108.16,paid
900700,1817,INV-00900700,2023-07-15 10:28:03,2023-08-14 10:28:03,2023-07-25 10:28:03,2324.17,paid
900701,242,INV-00900701,2023-05-05 22:02:45,2023-06-04 22:02:45,,2366.38,issued
900702,399,INV-00900702,2023-04-19 19:38:16,2023-05-19 19:38:16,,2653.89,overdue
900703,847,INV-00900703,2023-12-04 18:30:38,2024-01-03 18:30:38,2023-12-11 18:30:38,1719.92,paid
900704,1167,INV-00900704,2023-05-11 18:47:08,2023-06-10 18:47:08,2023-06-03 18:47:08,909.98,paid
900705,166,INV-00900705,2023-04-26 11:53:22,2023-05-26 11:53:22,2023-05-02 11:53:22,1573.94,paid
900706,119,INV-00900706,2023-12-29 07:32:29,2024-01-28 07:32:29,2024-01-23 07:32:29,3869.98,paid
900707,1181,INV-00900707,2023-10-11 06:10:31,2023-11-10 06:10:31,,655.74,issued
900708,889,INV-00900708,2023-02-10 08:21:57,2023-03-12 08:21:57,2023-02-26 08:21:57,1922.75,paid
900709,78,INV-00900709,2023-04-02 16:44:23,2023-05-02 16:44:23,2023-04-03 16:44:23,4461.11,paid
900710,1551,INV-00900710,2023-04-04 17:03:41,2023-05-04 17:03:41,2023-04-05 17:03:41,3137.17,paid
900711,510,INV-00900711,2023-09-07 11:27:46,2023-10-07 11:27:46,2023-09-11 11:27:46,1923.92,paid
900712,1206,INV-00900712,2023-07-28 17:55:09,2023-08-27 17:55:09,2023-07-30 17:55:09,1498.03,paid
900713,596,INV-00900713,2023-05-12 05:03:25,2023-06-11 05:03:25,2023-05-23 05:03:25,2173.99,paid
900714,1407,INV-00900714,2023-10-24 11:31:18,2023-11-23 11:31:18,,1802.66,overdue
900715,386,INV-00900715,2023-10-08 09:18:47,2023-11-07 09:18:47,2023-10-16 09:18:47,3638.57,paid
900716,269,INV-00900716,2023-09-14 23:12:08,2023-10-14 23:12:08,2023-09-20 23:12:08,624.58,paid
900717,1457,INV-00900717,2023-02-01 22:38:23,2023-03-03 22:38:23,2023-02-22 22:38:23,1286.39,paid
900718,1096,INV-00900718,2023-02-15 22:13:52,2023-03-17 22:13:52,2023-02-17 22:13:52,3313.23,paid
900719,1339,INV-00900719,2023-12-21 22:14:38,2024-01-20 22:14:38,2024-01-04 22:14:38,2227.13,paid
900720,254,INV-00900720,2023-03-26 14:47:54,2023-04-25 14:47:54,2023-03-31 14:47:54,1035.42,paid
900721,1405,INV-00900721,2023-02-12 23:39:41,2023-03-14 23:39:41,2023-03-06 23:39:41,513.89,paid
900722,1066,INV-00900722,2023-08-15 01:19:29,2023-09-14 01:19:29,2023-08-20 01:19:29,2099.94,paid
900723,1841,INV-00900723,2023-11-08 05:22:26,2023-12-08 05:22:26,2023-11-12 05:22:26,1420.71,paid
900724,1608,INV-00900724,2023-11-07 05:52:41,2023-12-07 05:52:41,2023-11-14 05:52:41,3892.01,paid
900725,1703,INV-00900725,2023-04-08 16:39:27,2023-05-08 16:39:27,2023-04-22 16:39:27,1483.8,paid
900726,81,INV-00900726,2023-03-26 05:55:42,2023-04-25 05:55:42,,1659.71,overdue
900727,6,INV-00900727,2023-12-25 20:45:35,2024-01-24 20:45:35,,754.23,overdue
900728,185,INV-00900728,2023-04-14 21:16:04,2023-05-14 21:16:04,2023-04-18 21:16:04,4524.85,paid
900729,1320,INV-00900729,2023-09-04 07:22:13,2023-10-04 07:22:13,,1327.98,overdue
900730,103,INV-00900730,2023-11-10 17:38:22,2023-12-10 17:38:22,,1807.47,overdue
900731,1387,INV-00900731,2023-07-24 08:29:24,2023-08-23 08:29:24,2023-07-28 08:29:24,4257.72,paid
900732,1824,INV-00900732,2023-12-08 23:38:53,2024-01-07 23:38:53,,1650.02,issued
900733,1832,INV-00900733,2023-05-21 01:21:39,2023-06-20 01:21:39,2023-06-14 01:21:39,473.83,paid
900734,1670,INV-00900734,2023-07-09 17:20:31,2023-08-08 17:20:31,2023-07-22 17:20:31,4811.93,paid
900735,557,INV-00900735,2023-06-17 06:35:16,2023-07-17 06:35:16,,574.15,issued
900736,1426,INV-00900736,2023-12-01 18:11:48,2023-12-31 18:11:48,2023-12-20 18:11:48,2418.55,paid
900737,1166,INV-00900737,2023-01-18 08:02:50,2023-02-17 08:02:50,2023-01-31 08:02:50,3898.03,paid
900738,1253,INV-00900738,2023-12-17 19:14:35,2024-01-16 19:14:35,2024-01-02 19:14:35,573.56,paid
900739,843,INV-00900739,2023-05-20 22:19:35,2023-06-19 22:19:35,2023-06-10 22:19:35,1578.05,paid
900740,1443,INV-00900740,2023-01-18 04:53:32,2023-02-17 04:53:32,,4889.7,issued
900741,1372,INV-00900741,2023-07-11 05:06:01,2023-08-10 05:06:01,2023-08-03 05:06:01,3095.01,paid
900742,887,INV-00900742,2023-01-27 14:56:59,2023-02-26 14:56:59,2023-02-18 14:56:59,3384.71,paid
900743,789,INV-00900743,2023-10-16 03:40:17,2023-11-15 03:40:17,,68.11,issued
900744,1914,INV-00900744,2023-10-12 05:35:35,2023-11-11 05:35:35,,4348.38,overdue
900745,154,INV-00900745,2023-04-24 12:19:34,2023-05-24 12:19:34,2023-05-03 12:19:34,261.25,paid
900746,457,INV-00900746,2023-03-25 00:34:40,2023-04-24 00:34:40,2023-04-02 00:34:40,403.36,paid
900747,910,INV-00900747,2023-03-13 07:41:07,2023-04-12 07:41:07,2023-03-29 07:41:07,2240.87,paid
900748,244,INV-00900748,2023-04-21 00:12:42,2023-05-21 00:12:42,2023-05-04 00:12:42,2067.57,paid
900749,1142,INV-00900749,2023-03-25 23:59:38,2023-04-24 23:59:38,,4451.65,overdue
900750,1152,INV-00900750,2023-09-17 00:10:01,2023-10-17 00:10:01,2023-09-28 00:10:01,1823.08,paid
900751,112,INV-00900751,2023-09-08 07:27:14,2023-10-08 07:27:14,2023-10-03 07:27:14,3102.59,paid
900752,969,INV-00900752,2023-01-29 10:46:23,2023-02-28 10:46:23,2023-02-02 10:46:23,496.21,paid
900753,1350,INV-00900753,2023-09-09 23:55:13,2023-10-09 23:55:13,2023-09-30 23:55:13,4822.52,paid
900754,598,INV-00900754,2023-03-26 04:59:43,2023-04-25 04:59:43,2023-03-30 04:59:43,238.43,paid
900755,337,INV-00900755,2023-04-23 18:53:12,2023-05-23 18:53:12,,543.74,overdue
900756,1252,INV-00900756,2023-09-22 17:10:19,2023-10-22 17:10:19,2023-10-05 17:10:19,1085.79,paid
900757,1689,INV-00900757,2023-09-25 11:41:47,2023-10-25 11:41:47,2023-10-09 11:41:47,242.04,paid
900758,1297,INV-00900758,2023-01-21 02:33:44,2023-02-20 02:33:44,2023-02-05 02:33:44,2292.37,paid
900759,1207,INV-00900759,2023-04-17 19:05:53,2023-05-17 19:05:53,,2656.52,issued
900760,100,INV-00900760,2023-03-23 08:14:31,2023-04-22 08:14:31,,4622.61,overdue
900761,1600,INV-00900761,2023-10-02 02:56:08,2023-11-01 02:56:08,2023-10-07 02:56:08,526.73,paid
900762,1347,INV-00900762,2023-02-27 01:55:50,2023-03-29 01:55:50,,2099.14,overdue
900763,1248,INV-00900763,2023-01-11 14:57:43,2023-02-10 14:57:43,2023-01-22 14:57:43,4852.75,paid
900764,928,INV-00900764,2023-10-24 18:58:09,2023-11-23 18:58:09,2023-11-16 18:58:09,4433.32,paid
900765,1050,INV-00900765,2023-07-31 04:03:18,2023-08-30 04:03:18,,1012.44,issued
900766,1279,INV-00900766,2022-12-31 13:25:14,2023-01-30 13:25:14,2023-01-22 13:25:14,672.03,paid
900767,1455,INV-00900767,2023-02-02 17:31:34,2023-03-04 17:31:34,2023-02-25 17:31:34,3188.02,paid
900768,1455,INV-00900768,2023-11-02 11:10:32,2023-12-02 11:10:32,2023-11-21 11:10:32,2857.48,paid
900769,1367,INV-00900769,2023-01-02 08:48:01,2023-02-01 08:48:01,2023-01-20 08:48:01,1436.78,paid
900770,1736,INV-00900770,2023-05-29 23:32:07,2023-06-28 23:32:07,2023-05-30 23:32:07,1910.54,paid
900771,109,INV-00900771,2023-01-22 21:56:21,2023-02-21 21:56:21,2023-02-16 21:56:21,3929.81,paid
900772,587,INV-00900772,2023-01-16 14:52:39,2023-02-15 14:52:39,2023-01-18 14:52:39,3456.07,paid
900773,605,INV-00900773,2023-09-18 04:17:48,2023-10-18 04:17:48,2023-10-03 04:17:48,521.38,paid
900774,1778,INV-00900774,2023-01-20 03:32:33,2023-02-19 03:32:33,,1195.6,overdue
900775,1607,INV-00900775,2023-01-09 13:31:39,2023-02-08 13:31:39,2023-01-11 13:31:39,4633.16,paid
900776,794,INV-00900776,2023-06-01 12:37:00,2023-07-01 12:37:00,,74.7,issued
900777,515,INV-00900777,2023-09-19 01:24:22,2023-10-19 01:24:22,,4151.62,overdue
900778,1867,INV-00900778,2023-02-10 00:25:14,2023-03-12 00:25:14,2023-03-01 00:25:14,2737.61,paid
900779,1236,INV-00900779,2023-09-22 16:57:18,2023-10-22 16:57:18,2023-09-28 16:57:18,4917.43,paid
900780,153,INV-00900780,2023-09-27 17:40:21,2023-10-27 17:40:21,2023-10-01 17:40:21,1892.22,paid
900781,878,INV-00900781,2023-08-11 03:44:06,2023-09-10 03:44:06,2023-08-17 03:44:06,2924.09,paid
900782,523,INV-00900782,2023-12-29 11:57:53,2024-01-28 11:57:53,2024-01-03 11:57:53,209.3,paid
900783,1902,INV-00900783,2023-07-19 02:16:06,2023-08-18 02:16:06,2023-08-09 02:16:06,3081.89,paid
900784,1356,INV-00900784,2023-07-30 06:08:23,2023-08-29 06:08:23,,373.68,overdue
900785,1450,INV-00900785,2023-07-22 04:52:16,2023-08-21 04:52:16,2023-07-28 04:52:16,2607.83,paid
900786,1611,INV-00900786,2023-04-17 18:11:51,2023-05-17 18:11:51,2023-05-05 18:11:51,2023.05,paid
900787,716,INV-00900787,2023-09-09 16:13:56,2023-10-09 16:13:56,2023-09-20 16:13:56,1810.38,paid
900788,448,INV-00900788,2023-02-18 04:41:07,2023-03-20 04:41:07,2023-03-08 04:41:07,4120.21,paid
900789,1330,INV-00900789,2023-12-27 19:49:24,2024-01-26 19:49:24,2024-01-11 19:49:24,1209.34,paid
900790,1316,INV-00900790,2023-02-20 01:23:08,2023-03-22 01:23:08,2023-02-22 01:23:08,3415.93,paid
900791,658,INV-00900791,2023-06-19 19:52:20,2023-07-19 19:52:20,2023-07-07 19:52:20,3622.64,paid
900792,51,INV-00900792,2023-04-11 10:20:54,2023-05-11 10:20:54,2023-04-28 10:20:54,2233.33,paid
900793,90,INV-00900793,2023-08-02 00:16:43,2023-09-01 00:16:43,2023-08-19 00:16:43,420.9,paid
900794,197,INV-00900794,2023-10-07 04:24:47,2023-11-06 04:24:47,2023-10-28 04:24:47,336.7,paid
900795,1373,INV-00900795,2023-02-12 16:14:19,2023-03-14 16:14:19,,4179.97,overdue
900796,422,INV-00900796,2023-03-31 08:09:13,2023-04-30 08:09:13,2023-04-03 08:09:13,3736.99,paid
900797,315,INV-00900797,2023-12-19 07:16:49,2024-01-18 07:16:49,2023-12-21 07:16:49,446.73,paid
900798,112,INV-00900798,2023-10-01 14:49:42,2023-10-31 14:49:42,2023-10-20 14:49:42,4109.88,paid
900799,1866,INV-00900799,2023-08-21 09:09:31,2023-09-20 09:09:31,2023-09-11 09:09:31,2028.2,paid
900800,648,INV-00900800,2023-12-23 09:49:08,2024-01-22 09:49:08,2024-01-10 09:49:08,39.44,paid
900801,1476,INV-00900801,2023-02-18 21:41:52,2023-03-20 21:41:52,,3507.4,issued
900802,149,INV-00900802,2023-07-01 05:41:33,2023-07-31 05:41:33,2023-07-23 05:41:33,1513.74,paid
900803,178,INV-00900803,2023-08-09 08:03:53,2023-09-08 08:03:53,2023-08-31 08:03:53,163.79,paid
900804,321,INV-00900804,2023-04-02 15:59:42,2023-05-02 15:59:42,2023-04-15 15:59:42,3985.88,paid
900805,1740,INV-00900805,2023-03-27 13:15:37,2023-04-26 13:15:37,,1497.3,issued
900806,1817,INV-00900806,2023-02-03 10:24:54,2023-03-05 10:24:54,,2772.09,issued
900807,1137,INV-00900807,2023-10-20 19:30:48,2023-11-19 19:30:48,2023-11-08 19:30:48,2987.31,paid
900808,1101,INV-00900808,2023-03-26 20:54:03,2023-04-25 20:54:03,2023-04-19 20:54:03,3709.74,paid
900809,1487,INV-00900809,2023-07-08 16:17:28,2023-08-07 16:17:28,2023-07-29 16:17:28,4258.78,paid
900810,292,INV-00900810,2023-10-10 17:18:04,2023-11-09 17:18:04,2023-10-19 17:18:04,979.69,paid
900811,372,INV-00900811,2023-01-22 03:20:44,2023-02-21 03:20:44,,3226.93,overdue
900812,150,INV-00900812,2023-08-05 21:32:51,2023-09-04 21:32:51,2023-08-12 21:32:51,3630.69,paid
900813,998,INV-00900813,2023-07-15 10:59:50,2023-08-14 10:59:50,2023-08-05 10:59:50,1180.32,paid
900814,584,INV-00900814,2023-02-17 21:27:31,2023-03-19 21:27:31,,2434.45,overdue
900815,673,INV-00900815,2023-02-19 12:52:15,2023-03-21 12:52:15,2023-02-24 12:52:15,2832.1,paid
900816,747,INV-00900816,2023-07-23 08:24:21,2023-08-22 08:24:21,2023-08-03 08:24:21,1238.41,paid
900817,454,INV-00900817,2023-01-01 00:40:05,2023-01-31 00:40:05,2023-01-13 00:40:05,680.19,paid
900818,1502,INV-00900818,2023-07-15 06:31:32,2023-08-14 06:31:32,2023-07-27 06:31:32,3876.09,paid
900819,998,INV-00900819,2023-03-24 20:02:16,2023-04-23 20:02:16,2023-04-13 20:02:16,419.05,paid
900820,575,INV-00900820,2023-10-21 04:23:23,2023-11-20 04:23:23,2023-11-14 04:23:23,4432.82,paid
900821,157,INV-00900821,2023-11-23 23:19:19,2023-12-23 23:19:19,,4065.09,issued
900822,1186,INV-00900822,2023-06-07 02:31:03,2023-07-07 02:31:03,2023-06-09 02:31:03,2762.45,paid
900823,1114,INV-00900823,2023-03-30 06:48:41,2023-04-29 06:48:41,2023-04-04 06:48:41,1835.43,paid
900824,458,INV-00900824,2023-03-05 13:24:19,2023-04-04 13:24:19,2023-03-22 13:24:19,2556.96,paid
900825,813,INV-00900825,2023-06-28 05:43:00,2023-07-28 05:43:00,2023-07-06 05:43:00,4241.43,paid
900826,1652,INV-00900826,2023-02-20 17:57:43,2023-03-22 17:57:43,,2236.64,issued
900827,367,INV-00900827,2023-03-17 03:23:58,2023-04-16 03:23:58,2023-03-22 03:23:58,3682.24,paid
900828,991,INV-00900828,2023-07-01 22:31:43,2023-07-31 22:31:43,2023-07-17 22:31:43,1166.43,paid
900829,542,INV-00900829,2023-06-25 15:28:47,2023-07-25 15:28:47,2023-07-02 15:28:47,2594.25,paid
900830,1621,INV-00900830,2023-06-30 09:52:12,2023-07-30 09:52:12,2023-07-15 09:52:12,4408.94,paid
900831,82,INV-00900831,2023-02-02 12:12:04,2023-03-04 12:12:04,2023-02-19 12:12:04,3171.5,paid
900832,561,INV-00900832,2023-08-19 02:55:58,2023-09-18 02:55:58,2023-08-25 02:55:58,1889.53,paid
900833,776,INV-00900833,2023-06-27 02:36:12,2023-07-27 02:36:12,2023-06-30 02:36:12,2588.15,paid
900834,771,INV-00900834,2023-09-08 05:11:59,2023-10-08 05:11:59,2023-09-20 05:11:59,2439.44,paid
900835,988,INV-00900835,2023-02-25 23:45:36,2023-03-27 23:45:36,2023-03-02 23:45:36,2205.09,paid
900836,472,INV-00900836,2023-11-22 05:15:59,2023-12-22 05:15:59,2023-11-29 05:15:59,759.7,paid
900837,323,INV-00900837,2023-06-29 02:04:52,2023-07-29 02:04:52,2023-07-03 02:04:52,3308.94,paid
900838,850,INV-00900838,2023-07-15 19:52:25,2023-08-14 19:52:25,2023-07-31 19:52:25,2400.32,paid
900839,1210,INV-00900839,2023-10-10 00:26:03,2023-11-09 00:26:03,,1225.91,issued
900840,262,INV-00900840,2023-03-13 02:26:00,2023-04-12 02:26:00,2023-04-03 02:26:00,2568.09,paid
900841,1825,INV-00900841,2023-03-13 18:39:11,2023-04-12 18:39:11,2023-03-22 18:39:11,4613.01,paid
900842,1059,INV-00900842,2023-06-07 02:10:42,2023-07-07 02:10:42,,4393.76,issued
900843,1491,INV-00900843,2023-01-27 13:40:48,2023-02-26 13:40:48,,2251.52,issued
900844,966,INV-00900844,2023-04-29 17:47:24,2023-05-29 17:47:24,2023-05-13 17:47:24,3008.19,paid
900845,1628,INV-00900845,2023-03-08 17:22:41,2023-04-07 17:22:41,2023-03-25 17:22:41,1329.96,paid
900846,1484,INV-00900846,2023-01-14 11:31:26,2023-02-13 11:31:26,,1156.77,issued
900847,790,INV-00900847,2023-10-25 20:02:50,2023-11-24 20:02:50,2023-11-11 20:02:50,4299.36,paid
900848,1033,INV-00900848,2023-01-15 08:42:57,2023-02-14 08:42:57,,895.34,issued
900849,1847,INV-00900849,2023-02-20 02:09:42,2023-03-22 02:09:42,2023-03-10 02:09:42,2521.61,paid
900850,241,INV-00900850,2023-11-14 06:26:32,2023-12-14 06:26:32,2023-12-04 06:26:32,2701.04,paid
900851,3,INV-00900851,2023-01-18 00:21:44,2023-02-17 00:21:44,2023-02-01 00:21:44,1858.18,paid
900852,89,INV-00900852,2023-01-08 04:42:36,2023-02-07 04:42:36,2023-01-24 04:42:36,3949.88,paid
900853,781,INV-00900853,2023-07-05 02:33:13,2023-08-04 02:33:13,,2133.19,issued
900854,522,INV-00900854,2023-05-01 15:32:05,2023-05-31 15:32:05,,1423.5,issued
900855,1796,INV-00900855,2023-03-28 09:07:18,2023-04-27 09:07:18,2023-03-29 09:07:18,3548.65,paid
900856,1617,INV-00900856,2023-12-28 02:57:23,2024-01-27 02:57:23,2024-01-14 02:57:23,45.9,paid
900857,1341,INV-00900857,2023-09-17 12:29:55,2023-10-17 12:29:55,2023-09-21 12:29:55,782.35,paid
900858,1335,INV-00900858,2023-03-07 14:45:56,2023-04-06 14:45:56,2023-03-25 14:45:56,2123.57,paid
900859,749,INV-00900859,2023-02-21 13:58:02,2023-03-23 13:58:02,,3777.31,overdue
900860,847,INV-00900860,2023-03-24 03:42:00,2023-04-23 03:42:00,2023-04-05 03:42:00,2799.88,paid
900861,991,INV-00900861,2023-08-24 12:50:07,2023-09-23 12:50:07,2023-09-18 12:50:07,3530.42,paid
900862,1507,INV-00900862,2023-10-22 19:39:52,2023-11-21 19:39:52,2023-11-06 19:39:52,3917.72,paid
900863,1945,INV-00900863,2023-10-10 20:20:57,2023-11-09 20:20:57,2023-10-23 20:20:57,3932.54,paid
900864,1641,INV-00900864,2023-03-25 01:38:39,2023-04-24 01:38:39,2023-04-17 01:38:39,269.74,paid
900865,797,INV-00900865,2023-02-09 23:48:27,2023-03-11 23:48:27,,2363.63,issued
900866,1230,INV-00900866,2023-05-23 20:47:28,2023-06-22 20:47:28,2023-05-31 20:47:28,1860.47,paid
900867,1248,INV-00900867,2023-12-12 10:00:26,2024-01-11 10:00:26,,3073.69,overdue
900868,1068,INV-00900868,2023-08-07 02:14:49,2023-09-06 02:14:49,2023-09-01 02:14:49,4102.94,paid
900869,1312,INV-00900869,2023-04-22 08:01:04,2023-05-22 08:01:04,2023-05-14 08:01:04,4654.48,paid
900870,1062,INV-00900870,2023-08-07 16:54:35,2023-09-06 16:54:35,2023-08-27 16:54:35,2557.63,paid
900871,1431,INV-00900871,2023-09-04 01:36:06,2023-10-04 01:36:06,2023-09-06 01:36:06,1805.1,paid
900872,1342,INV-00900872,2023-12-31 18:16:04,2024-01-30 18:16:04,2024-01-09 18:16:04,3900.57,paid
900873,724,INV-00900873,2023-01-23 09:36:48,2023-02-22 09:36:48,2023-01-30 09:36:48,2593.54,paid
900874,1510,INV-00900874,2023-01-05 21:30:07,2023-02-04 21:30:07,,3633.43,overdue
900875,1146,INV-00900875,2023-03-08 11:19:35,2023-04-07 11:19:35,2023-03-17 11:19:35,1139.21,paid
900876,1973,INV-00900876,2023-09-23 07:26:34,2023-10-23 07:26:34,,1312.93,issued
900877,834,INV-00900877,2023-04-16 20:07:26,2023-05-16 20:07:26,2023-05-03 20:07:26,1478.32,paid
900878,1940,INV-00900878,2023-11-02 05:18:43,2023-12-02 05:18:43,,3474.02,overdue
900879,1979,INV-00900879,2023-06-21 03:29:45,2023-07-21 03:29:45,2023-06-29 03:29:45,3789.79,paid
900880,1969,INV-00900880,2023-05-11 07:13:33,2023-06-10 07:13:33,,2415.03,issued
900881,529,INV-00900881,2023-11-27 10:04:03,2023-12-27 10:04:03,2023-12-05 10:04:03,3387.8,paid
900882,471,INV-00900882,2023-07-23 08:59:03,2023-08-22 08:59:03,,3507.08,issued
900883,540,INV-00900883,2023-08-26 13:32:25,2023-09-25 13:32:25,2023-09-17 13:32:25,3746.45,paid
900884,701,INV-00900884,2023-11-23 03:48:34,2023-12-23 03:48:34,,1576.23,overdue
900885,448,INV-00900885,2023-03-13 14:12:12,2023-04-12 14:12:12,2023-04-06 14:12:12,3418.71,paid
900886,1864,INV-00900886,2023-09-25 05:49:56,2023-10-25 05:49:56,2023-10-03 05:49:56,3679.79,paid
900887,1788,INV-00900887,2023-08-18 16:28:18,2023-09-17 16:28:18,2023-08-26 16:28:18,4183.31,paid
900888,730,INV-00900888,2023-10-13 20:06:57,2023-11-12 20:06:57,2023-10-16 20:06:57,3382.3,paid
900889,1359,INV-00900889,2023-04-23 01:39:05,2023-05-23 01:39:05,2023-05-11 01:39:05,4790.39,paid
900890,1737,INV-00900890,2023-04-29 10:29:07,2023-05-29 10:29:07,2023-05-15 10:29:07,4491.62,paid
900891,1805,INV-00900891,2023-03-12 13:59:51,2023-04-11 13:59:51,2023-04-06 13:59:51,4580.87,paid
900892,574,INV-00900892,2023-06-11 15:54:50,2023-07-11 15:54:50,,280.2,issued
900893,1637,INV-00900893,2023-05-29 06:35:06,2023-06-28 06:35:06,,2517.35,issued
900894,807,INV-00900894,2023-01-14 17:38:09,2023-02-13 17:38:09,2023-01-18 17:38:09,3494.24,paid
900895,943,INV-00900895,2023-07-23 23:41:37,2023-08-22 23:41:37,2023-07-30 23:41:37,1903.35,paid
900896,207,INV-00900896,2023-07-18 10:50:05,2023-08-17 10:50:05,2023-07-27 10:50:05,943.89,paid
900897,539,INV-00900897,2023-09-01 14:11:29,2023-10-01 14:11:29,2023-09-21 14:11:29,1722.05,paid
900898,377,INV-00900898,2023-04-20 08:33:53,2023-05-20 08:33:53,2023-05-13 08:33:53,3763.46,paid
900899,748,INV-00900899,2023-06-09 13:49:09,2023-07-09 13:49:09,2023-06-28 13:49:09,664.38,paid
900900,1180,INV-00900900,2023-01-14 15:40:42,2023-02-13 15:40:42,,4022.4,overdue
900901,1138,INV-00900901,2023-05-24 10:07:57,2023-06-23 10:07:57,2023-06-17 10:07:57,756.24,paid
900902,1651,INV-00900902,2023-12-27 17:34:12,2024-01-26 17:34:12,2024-01-01 17:34:12,4977.85,paid
900903,1740,INV-00900903,2023-02-12 05:10:35,2023-03-14 05:10:35,2023-02-23 05:10:35,3928.81,paid
900904,615,INV-00900904,2023-08-25 03:32:00,2023-09-24 03:32:00,,1998.03,issued
900905,1415,INV-00900905,2023-10-09 21:48:51,2023-11-08 21:48:51,2023-10-18 21:48:51,2387.93,paid
900906,1290,INV-00900906,2023-11-12 07:37:17,2023-12-12 07:37:17,2023-11-21 07:37:17,1811.2,paid
900907,1148,INV-00900907,2023-03-21 14:37:01,2023-04-20 14:37:01,2023-04-04 14:37:01,614.98,paid
900908,1777,INV-00900908,2023-01-18 01:57:06,2023-02-17 01:57:06,2023-02-06 01:57:06,3252.83,paid
900909,1103,INV-00900909,2023-10-03 13:38:16,2023-11-02 13:38:16,2023-10-25 13:38:16,2557.12,paid
900910,1587,INV-00900910,2023-05-17 21:08:43,2023-06-16 21:08:43,2023-05-27 21:08:43,2324.12,paid
900911,1960,INV-00900911,2023-10-18 17:53:56,2023-11-17 17:53:56,2023-10-29 17:53:56,2114.86,paid
900912,1255,INV-00900912,2023-03-14 09:15:46,2023-04-13 09:15:46,,404.77,issued
900913,704,INV-00900913,2023-09-06 12:35:12,2023-10-06 12:35:12,2023-09-16 12:35:12,3555.06,paid
900914,1240,INV-00900914,2023-02-04 09:36:07,2023-03-06 09:36:07,2023-02-19 09:36:07,3907.06,paid
900915,1923,INV-00900915,2023-06-29 02:37:52,2023-07-29 02:37:52,2023-07-14 02:37:52,2075.81,paid
900916,377,INV-00900916,2023-12-20 19:26:51,2024-01-19 19:26:51,2024-01-11 19:26:51,1265.72,paid
900917,1524,INV-00900917,2023-01-07 21:05:06,2023-02-06 21:05:06,2023-01-20 21:05:06,524.02,paid
900918,131,INV-00900918,2023-05-03 04:01:56,2023-06-02 04:01:56,2023-05-28 04:01:56,1991.09,paid
900919,1567,INV-00900919,2023-11-19 20:12:58,2023-12-19 20:12:58,2023-11-24 20:12:58,430.71,paid
900920,1908,INV-00900920,2023-06-15 12:44:11,2023-07-15 12:44:11,2023-07-09 12:44:11,1428.03,paid
900921,1284,INV-00900921,2023-10-28 19:13:14,2023-11-27 19:13:14,2023-11-03 19:13:14,152.57,paid
900922,1359,INV-00900922,2023-07-02 12:09:36,2023-08-01 12:09:36,,4875.16,overdue
900923,1108,INV-00900923,2023-08-14 04:01:42,2023-09-13 04:01:42,2023-09-06 04:01:42,2701.04,paid
900924,1211,INV-00900924,2023-03-01 07:22:40,2023-03-31 07:22:40,2023-03-22 07:22:40,4387.7,paid
900925,891,INV-00900925,2023-04-07 00:42:22,2023-05-07 00:42:22,2023-04-17 00:42:22,4545.53,paid
900926,987,INV-00900926,2023-03-30 15:43:50,2023-04-29 15:43:50,,1546.26,overdue
900927,845,INV-00900927,2023-08-20 18:19:50,2023-09-19 18:19:50,2023-08-21 18:19:50,2621.35,paid
900928,1553,INV-00900928,2023-10-23 11:28:47,2023-11-22 11:28:47,2023-11-10 11:28:47,51.5,paid
900929,1889,INV-00900929,2023-04-24 06:37:50,2023-05-24 06:37:50,2023-05-19 06:37:50,2157.87,paid
900930,600,INV-00900930,2023-03-01 15:34:55,2023-03-31 15:34:55,,950.97,overdue
900931,1807,INV-00900931,2023-03-19 08:05:08,2023-04-18 08:05:08,2023-03-25 08:05:08,3577.54,paid
900932,1323,INV-00900932,2023-06-15 10:13:28,2023-07-15 10:13:28,2023-06-18 10:13:28,2116.97,paid
900933,491,INV-00900933,2023-04-11 01:40:25,2023-05-11 01:40:25,,1430.54,overdue
900934,1522,INV-00900934,2023-04-03 14:12:45,2023-05-03 14:12:45,2023-04-06 14:12:45,920.21,paid
900935,594,INV-00900935,2023-11-05 00:48:42,2023-12-05 00:48:42,2023-11-20 00:48:42,1367.95,paid
900936,1276,INV-00900936,2023-04-24 17:09:47,2023-05-24 17:09:47,2023-04-29 17:09:47,257.66,paid
900937,1096,INV-00900937,2023-12-20 17:13:49,2024-01-19 17:13:49,,1353.28,overdue
900938,1465,INV-00900938,2023-05-21 23:42:05,2023-06-20 23:42:05,2023-05-26 23:42:05,83.48,paid
900939,445,INV-00900939,2023-07-09 08:41:58,2023-08-08 08:41:58,2023-07-25 08:41:58,4989.84,paid
900940,950,INV-00900940,2023-01-09 22:50:41,2023-02-08 22:50:41,2023-02-03 22:50:41,4758.7,paid
900941,115,INV-00900941,2023-08-17 09:42:45,2023-09-16 09:42:45,2023-09-02 09:42:45,916.2,paid
900942,1835,INV-00900942,2023-08-25 10:06:26,2023-09-24 10:06:26,,4873.25,issued
900943,1464,INV-00900943,2023-08-26 09:59:24,2023-09-25 09:59:24,,1243.34,overdue
900944,69,INV-00900944,2023-09-21 07:13:18,2023-10-21 07:13:18,2023-09-25 07:13:18,2610.48,paid
900945,427,INV-00900945,2023-05-03 09:49:57,2023-06-02 09:49:57,2023-05-13 09:49:57,4681.71,paid
900946,325,INV-00900946,2023-02-12 22:27:51,2023-03-14 22:27:51,2023-03-02 22:27:51,2609.42,paid
900947,519,INV-00900947,2023-04-29 00:45:08,2023-05-29 00:45:08,2023-05-11 00:45:08,4438.72,paid
900948,1769,INV-00900948,2023-01-24 16:04:15,2023-02-23 16:04:15,,3168.22,issued
900949,665,INV-00900949,2023-12-24 17:54:24,2024-01-23 17:54:24,,1985.08,issued
900950,498,INV-00900950,2023-12-27 22:28:16,2024-01-26 22:28:16,2024-01-19 22:28:16,2381.6,paid
900951,1222,INV-00900951,2023-10-13 10:28:41,2023-11-12 10:28:41,,796.92,issued
900952,188,INV-00900952,2023-01-14 01:28:33,2023-02-13 01:28:33,2023-02-08 01:28:33,3129.41,paid
900953,123,INV-00900953,2023-07-02 00:31:55,2023-08-01 00:31:55,2023-07-20 00:31:55,3959.42,paid
900954,258,INV-00900954,2023-04-26 15:31:43,2023-05-26 15:31:43,2023-05-14 15:31:43,3944.92,paid
900955,1550,INV-00900955,2023-07-07 08:01:37,2023-08-06 08:01:37,2023-07-08 08:01:37,3449.36,paid
900956,734,INV-00900956,2023-10-24 14:52:21,2023-11-23 14:52:21,,3536.06,overdue
900957,1145,INV-00900957,2023-08-03 04:14:23,2023-09-02 04:14:23,2023-08-10 04:14:23,2837.84,paid
900958,1114,INV-00900958,2023-07-06 12:12:55,2023-08-05 12:12:55,2023-07-15 12:12:55,4339.63,paid
900959,1227,INV-00900959,2023-03-23 18:09:44,2023-04-22 18:09:44,2023-03-28 18:09:44,2252.43,paid
900960,1679,INV-00900960,2023-08-19 04:16:51,2023-09-18 04:16:51,2023-08-20 04:16:51,3881.83,paid
900961,1037,INV-00900961,2023-06-20 17:14:42,2023-07-20 17:14:42,,3882.32,overdue
900962,490,INV-00900962,2023-07-20 21:41:38,2023-08-19 21:41:38,2023-08-07 21:41:38,4097.06,paid
900963,389,INV-00900963,2023-04-07 05:53:06,2023-05-07 05:53:06,,3069.07,issued
900964,661,INV-00900964,2023-06-05 00:39:56,2023-07-05 00:39:56,2023-06-09 00:39:56,2620.77,paid
900965,137,INV-00900965,2023-12-09 19:16:31,2024-01-08 19:16:31,2023-12-11 19:16:31,1018.37,paid
900966,995,INV-00900966,2023-09-24 20:24:17,2023-10-24 20:24:17,2023-10-15 20:24:17,4183.13,paid
900967,1348,INV-00900967,2023-04-25 04:51:20,2023-05-25 04:51:20,2023-05-14 04:51:20,1287.13,paid
900968,751,INV-00900968,2023-09-09 01:56:17,2023-10-09 01:56:17,2023-09-10 01:56:17,4651.75,paid
900969,428,INV-00900969,2023-01-30 06:06:31,2023-03-01 06:06:31,,2345.62,issued
900970,1309,INV-00900970,2023-11-30 10:51:33,2023-12-30 10:51:33,2023-12-14 10:51:33,4111.91,paid
900971,1627,INV-00900971,2023-01-03 21:52:39,2023-02-02 21:52:39,,2649.81,overdue
900972,1504,INV-00900972,2023-11-25 12:56:07,2023-12-25 12:56:07,2023-12-02 12:56:07,4803.33,paid
900973,199,INV-00900973,2023-11-10 15:35:21,2023-12-10 15:35:21,2023-11-17 15:35:21,973.67,paid
900974,1346,INV-00900974,2023-08-26 03:14:46,2023-09-25 03:14:46,2023-09-01 03:14:46,2796.53,paid
900975,1144,INV-00900975,2023-06-02 20:09:31,2023-07-02 20:09:31,,3375.72,overdue
900976,1439,INV-00900976,2023-01-25 08:27:03,2023-02-24 08:27:03,,3964.38,issued
900977,1127,INV-00900977,2023-06-09 05:37:29,2023-07-09 05:37:29,2023-06-15 05:37:29,2674.16,paid
900978,1229,INV-00900978,2023-05-19 11:10:21,2023-06-18 11:10:21,,4225.82,overdue
900979,845,INV-00900979,2023-02-10 08:19:22,2023-03-12 08:19:22,,3045.98,overdue
900980,1154,INV-00900980,2023-03-27 16:12:41,2023-04-26 16:12:41,2023-04-14 16:12:41,4631.47,paid
900981,521,INV-00900981,2023-06-30 07:31:43,2023-07-30 07:31:43,2023-07-13 07:31:43,10.98,paid
900982,71,INV-00900982,2023-08-08 02:18:33,2023-09-07 02:18:33,2023-08-13 02:18:33,4967.13,paid
900983,619,INV-00900983,2023-12-28 13:03:55,2024-01-27 13:03:55,,4280.04,issued
900984,45,INV-00900984,2023-01-12 13:57:10,2023-02-11 13:57:10,,480.49,issued
900985,943,INV-00900985,2023-07-02 18:18:59,2023-08-01 18:18:59,2023-07-14 18:18:59,4449.23,paid
900986,512,INV-00900986,2023-09-03 14:40:14,2023-10-03 14:40:14,,2856.73,issued
900987,1166,INV-00900987,2023-09-11 21:11:22,2023-10-11 21:11:22,2023-09-27 21:11:22,872.78,paid
900988,1692,INV-00900988,2023-01-12 03:01:13,2023-02-11 03:01:13,,2980.2,issued
900989,616,INV-00900989,2023-12-12 03:01:06,2024-01-11 03:01:06,2024-01-06 03:01:06,289.05,paid
900990,1579,INV-00900990,2023-07-13 11:19:57,2023-08-12 11:19:57,,2088.44,overdue
900991,1778,INV-00900991,2023-10-31 15:44:44,2023-11-30 15:44:44,2023-11-20 15:44:44,4643.98,paid
900992,1299,INV-00900992,2023-02-11 10:04:27,2023-03-13 10:04:27,2023-02-28 10:04:27,215.5,paid
900993,1106,INV-00900993,2023-03-17 18:33:15,2023-04-16 18:33:15,2023-04-09 18:33:15,1111.78,paid
900994,104,INV-00900994,2023-01-21 09:41:45,2023-02-20 09:41:45,,1118.21,issued
900995,594,INV-00900995,2023-06-13 18:36:40,2023-07-13 18:36:40,2023-06-16 18:36:40,2384.51,paid
900996,1527,INV-00900996,2023-12-06 04:02:33,2024-01-05 04:02:33,2023-12-09 04:02:33,1998.65,paid
900997,890,INV-00900997,2023-01-08 19:15:12,2023-02-07 19:15:12,,2800.89,overdue
900998,1000,INV-00900998,2023-06-12 00:15:09,2023-07-12 00:15:09,2023-06-30 00:15:09,3083.82,paid
900999,1507,INV-00900999,2023-04-07 15:02:05,2023-05-07 15:02:05,2023-04-16 15:02:05,3886.09,paid
901000,663,INV-00901000,2023-01-15 03:01:41,2023-02-14 03:01:41,2023-02-06 03:01:41,2073.77,paid
